<export xmlns="http://de.fhg.iais.roberta.blockly"><program><block_set xmlns="http://de.fhg.iais.roberta.blockly" robottype="calliope" xmlversion="3.1" description="" tags=""><instance x="384" y="50"><block type="robControls_start" id="st,z2FpMr][wvz3gw{-S" intask="true" deletable="false"><mutation declare="false"></mutation><field name="DEBUG"></field></block><block type="robControls_loopForever" id="V]N=3FnppQ+g^P8_kIFw" intask="true"><statement name="DO"><block type="robControls_if" id="=@zWwNsd2kAAU-LfT=8*" intask="true"><value name="IF0"><block type="robSensors_key_getSample" id="`u4pqYi[XT:+AclV4Zaw" intask="true"><mutation mode="PRESSED"></mutation><field name="MODE">PRESSED</field><field name="SENSORPORT">A</field><field name="SLOT"></field></block></value><statement name="DO0"><block type="mbedActions_display_image" id="e3w^K6^|cT.C~8}~,-pF" intask="true"><mutation type="IMAGE"></mutation><field name="TYPE">IMAGE</field><value name="VALUE"><block type="mbedImage_get_image" id=",4L{F%4@KzQbsn5)RsL=" intask="true"><field name="IMAGE">HEART</field></block></value></block></statement></block><block type="robControls_if" id="?7]6#sygI5Gw(:Ishp/p" intask="true"><value name="IF0"><block type="robSensors_key_getSample" id="ijLbh(,;2|_67yRrQ0_m" intask="true"><mutation mode="PRESSED"></mutation><field name="MODE">PRESSED</field><field name="SENSORPORT">B</field><field name="SLOT"></field></block></value><statement name="DO0"><block type="mbedActions_display_image" id="F3{+=|n.cTZwKG2U[gC," intask="true"><mutation type="IMAGE"></mutation><field name="TYPE">IMAGE</field><value name="VALUE"><block type="mbedImage_get_image" id="u%_,DH?`pu|UK,z5p43." intask="true"><field name="IMAGE">HAPPY</field></block></value></block></statement></block></statement></block></instance></block_set></program><config><block_set xmlns="http://de.fhg.iais.roberta.blockly" robottype="calliope" xmlversion="3.1" description="" tags=""><instance x="-34" y="120"><block type="robConf_key" id="~wk*JZQvB.fj=I`N#NWp" intask="true" deletable="false"><field name="NAME">B</field><field name="PIN1">B</field></block></instance><instance x="197" y="162"><block type="robConf_sound" id="e:4V0FcDx%9,.7xO,Ns@" intask="true" deletable="false"><field name="NAME">_S</field></block></instance><instance x="197" y="190"><block type="robConf_light" id="9Ktt(7_4+XmKC0]5Zha?" intask="true" deletable="false"><field name="NAME">_L</field></block></instance><instance x="80" y="211"><block type="robConf_gyro" id="lIT?C5y|(7FWCQIUn~pc" intask="true" deletable="false"><field name="NAME">_G</field></block></instance><instance x="80" y="239"><block type="robConf_compass" id="O%Oi0Tq`hGEvrgHGPYY=" intask="true" deletable="false"><field name="NAME">_C</field></block></instance><instance x="-34" y="270"><block type="robConf_key" id="Kbp:=x@gw@n.b~NH|1|e" intask="true" deletable="false"><field name="NAME">A</field><field name="PIN1">A</field></block></instance><instance x="80" y="268"><block type="robConf_accelerometer" id="#(ufvG,s^FcqI,aFn/A{" intask="true" deletable="false"><field name="NAME">_A</field></block></instance><instance x="80" y="378"><block type="robConf_temperature" id="0y].dnS)P)~Jjzeu3/0C" intask="true" deletable="false"><field name="NAME">_T</field></block></instance><instance x="-34" y="422"><block type="robConf_rgbled" id="lgi%C3,J!smR:eP0aal_" intask="true" deletable="false"><field name="NAME">_R</field></block></instance><instance x="-34" y="450"><block type="robConf_buzzer" id="}%d2_68IJd*7Oy{qrMR," intask="true" deletable="false"><field name="NAME">_B</field></block></instance></block_set></config></export>