<export xmlns="http://de.fhg.iais.roberta.blockly"><program><block_set xmlns="http://de.fhg.iais.roberta.blockly" robottype="calliope" xmlversion="3.1" description="" tags=""><instance x="116" y="51"><block type="robControls_start" id="J1FC%+4Wi917Re(R#VF_" intask="true" deletable="false"><mutation declare="false"></mutation><field name="DEBUG"></field></block><block type="robControls_loopForever" id="@cdY-t5sEKxfNA5n;EeI" intask="true"><statement name="DO"><block type="robControls_if" id="DKQ)/YKi0{8/oZV=X[Ho" intask="true"><value name="IF0"><block type="robSensors_key_getSample" id="gV:TkW8=R%Q?Y(n7;t!i" intask="true"><mutation mode="PRESSED"></mutation><field name="MODE">PRESSED</field><field name="SENSORPORT">A</field><field name="SLOT"></field></block></value><statement name="DO0"><block type="mbedActions_display_text" id="q{-k9a28MOSe0`e*pZ+6" intask="true"><field name="TYPE">TEXT</field><value name="OUT"><block type="math_random_int" id="eI;x0^`N]h4E?sKCho]o" intask="true"><value name="FROM"><block type="math_number" id=";tI31W,%8WYO:%R1sGV6" intask="true"><field name="NUM">2</field></block></value><value name="TO"><block type="math_number" id="l+%bJI@u_z*OaL6Pn#_Z" intask="true"><field name="NUM">6</field></block></value></block></value></block></statement></block><block type="robControls_if" id="Nb_/-ahVKs!9J%#~YoR/" intask="true"><value name="IF0"><block type="robSensors_key_getSample" id="oLG}:-+3fzx.p];%4%6*" intask="true"><mutation mode="PRESSED"></mutation><field name="MODE">PRESSED</field><field name="SENSORPORT">B</field><field name="SLOT"></field></block></value><statement name="DO0"><block type="mbedActions_display_text" id="!bDamlYvl)sWA]xkytV-" intask="true"><field name="TYPE">TEXT</field><value name="OUT"><block type="math_random_int" id="=%tPzORh(0(ivTdiS^al" intask="true"><value name="FROM"><block type="math_number" id="7t+`]B2f!!B[0Gd5k~6C" intask="true"><field name="NUM">1</field></block></value><value name="TO"><block type="math_number" id="ej=7czhv9GCKtrG=5?s?" intask="true"><field name="NUM">5</field></block></value></block></value></block></statement></block></statement></block></instance></block_set></program><config><block_set robottype="calliope" xmlversion="3.1" description="" tags="" xmlns="http://de.fhg.iais.roberta.blockly"><instance x="269" y="213"><block type="robConf_key" id="Kbp:=x@gw@n.b~NH|1|e" intask="true" deletable="false"><field name="NAME">A</field><field name="PIN1">A</field></block></instance><instance x="400" y="373"><block type="robConf_accelerometer" id="#(ufvG,s^FcqI,aFn/A{" intask="true" deletable="false"><field name="NAME">_A</field></block></instance><instance x="269" y="277"><block type="robConf_key" id="~wk*JZQvB.fj=I`N#NWp" intask="true" deletable="false"><field name="NAME">B</field><field name="PIN1">B</field></block></instance><instance x="624" y="251"><block type="robConf_rgbled" id="lgi%C3,J!smR:eP0aal_" intask="true" deletable="false"><field name="NAME">_R</field><field name="PIN1">0</field></block></instance><instance x="624" y="213"><block type="robConf_buzzer" id="}%d2_68IJd*7Oy{qrMR," intask="true" deletable="false"><field name="NAME">_B</field></block></instance><instance x="400" y="297"><block type="robConf_compass" id="O%Oi0Tq`hGEvrgHGPYY=" intask="true" deletable="false"><field name="NAME">_C</field></block></instance><instance x="400" y="410"><block type="robConf_sound" id="e:4V0FcDx%9,.7xO,Ns@" intask="true" deletable="false"><field name="NAME">_S</field></block></instance><instance x="400" y="255"><block type="robConf_temperature" id="0y].dnS)P)~Jjzeu3/0C" intask="true" deletable="false"><field name="NAME">_T</field></block></instance><instance x="400" y="335"><block type="robConf_gyro" id="lIT?C5y|(7FWCQIUn~pc" intask="true" deletable="false"><field name="NAME">_G</field></block></instance><instance x="400" y="213"><block type="robConf_light" id="9Ktt(7_4+XmKC0]5Zha?" intask="true" deletable="false"><field name="NAME">_L</field></block></instance></block_set></config></export>