<export xmlns="http://de.fhg.iais.roberta.blockly"><program><block_set xmlns="http://de.fhg.iais.roberta.blockly" robottype="calliope" xmlversion="3.1" description="" tags=""><instance x="166" y="-335"><block type="robControls_start" id="2@iMvA!MzaJ/|OGZs*ZH" intask="true" deletable="false"><mutation declare="false"></mutation><field name="DEBUG"></field></block><block type="robControls_loopForever" id="Qtzn(j+sC99*SSH=jlRt" intask="true"><statement name="DO"><block type="robControls_if" id="J(_Ny.w{kg/D/dm/hhg{" intask="true"><value name="IF0"><block type="robSensors_key_getSample" id="SUMC5W_@j]6JEod);e`[" intask="true"><mutation mode="PRESSED"></mutation><field name="MODE">PRESSED</field><field name="SENSORPORT">A</field><field name="SLOT"></field></block></value><statement name="DO0"><block type="mbedActions_display_image" id=",|5O4iE|TX*kgA@?t`T!" intask="true"><mutation type="IMAGE"></mutation><field name="TYPE">IMAGE</field><value name="VALUE"><block type="mbedImage_image" id="=pk.U7+k7a`aW:hZyD|r" intask="true"><field name="P00"></field><field name="P10"></field><field name="P20"></field><field name="P30"></field><field name="P40"></field><field name="P01"></field><field name="P11"></field><field name="P21">#</field><field name="P31"></field><field name="P41"></field><field name="P02"></field><field name="P12">#</field><field name="P22">#</field><field name="P32"></field><field name="P42"></field><field name="P03"></field><field name="P13"></field><field name="P23">#</field><field name="P33">#</field><field name="P43">#</field><field name="P04"></field><field name="P14"></field><field name="P24">#</field><field name="P34"></field><field name="P44">#</field></block></value></block><block type="robControls_wait_time" id=";k0E7IGvz|iS_O1sD|4b" intask="true"><value name="WAIT"><block type="math_number" id="[]Ii;*8H_CnJVHcFD-|r" intask="true"><field name="NUM">200</field></block></value></block><block type="mbedActions_display_image" id="RNdu%=Uh+!KjM[K|iWF@" intask="true"><mutation type="IMAGE"></mutation><field name="TYPE">IMAGE</field><value name="VALUE"><block type="mbedImage_image" id="b`3uyTLdU/:)zh^[b8PY" intask="true"><field name="P00"></field><field name="P10"></field><field name="P20">#</field><field name="P30"></field><field name="P40"></field><field name="P01"></field><field name="P11">#</field><field name="P21">#</field><field name="P31"></field><field name="P41"></field><field name="P02"></field><field name="P12"></field><field name="P22">#</field><field name="P32">#</field><field name="P42">#</field><field name="P03"></field><field name="P13"></field><field name="P23">#</field><field name="P33"></field><field name="P43">#</field><field name="P04"></field><field name="P14"></field><field name="P24"></field><field name="P34"></field><field name="P44"></field></block></value></block><block type="robControls_wait_time" id="`gcY@9?|MK_]~/!x,=oA" intask="true"><value name="WAIT"><block type="math_number" id="H@RJ(fY;[tNcqHrFFZ@O" intask="true"><field name="NUM">200</field></block></value></block><block type="mbedActions_display_image" id="0Kv%T3QhtL.Rb.3U+vjD" intask="true"><mutation type="IMAGE"></mutation><field name="TYPE">IMAGE</field><value name="VALUE"><block type="mbedImage_image" id="qbMkVGT5@YkGMba}bfAH" intask="true"><field name="P00"></field><field name="P10"></field><field name="P20"></field><field name="P30"></field><field name="P40"></field><field name="P01"></field><field name="P11">#</field><field name="P21"></field><field name="P31"></field><field name="P41"></field><field name="P02">#</field><field name="P12">#</field><field name="P22"></field><field name="P32"></field><field name="P42"></field><field name="P03"></field><field name="P13">#</field><field name="P23">#</field><field name="P33">#</field><field name="P43"></field><field name="P04"></field><field name="P14">#</field><field name="P24"></field><field name="P34">#</field><field name="P44"></field></block></value></block><block type="robControls_wait_time" id="zYW4e%1!IJTY`to!cFof" intask="true"><value name="WAIT"><block type="math_number" id="*rsLz`EVmYI@S-z[fRq|" intask="true"><field name="NUM">200</field></block></value></block><block type="mbedActions_display_image" id="}{?a[(U/D`rlfqWR/WJi" intask="true"><mutation type="IMAGE"></mutation><field name="TYPE">IMAGE</field><value name="VALUE"><block type="mbedImage_image" id="(TeVl4HLrWF_J[wS;X:R" intask="true"><field name="P00"></field><field name="P10">#</field><field name="P20"></field><field name="P30"></field><field name="P40"></field><field name="P01">#</field><field name="P11">#</field><field name="P21"></field><field name="P31"></field><field name="P41"></field><field name="P02"></field><field name="P12">#</field><field name="P22">#</field><field name="P32">#</field><field name="P42"></field><field name="P03"></field><field name="P13">#</field><field name="P23"></field><field name="P33">#</field><field name="P43"></field><field name="P04"></field><field name="P14"></field><field name="P24"></field><field name="P34"></field><field name="P44"></field></block></value></block><block type="robControls_wait_time" id="Gpx6/KcQqd@+,5a;qevG" intask="true"><value name="WAIT"><block type="math_number" id="7vd+dp?VoEm*!.~ag~V1" intask="true"><field name="NUM">200</field></block></value></block><block type="mbedActions_display_image" id="4tc^?w7f^/dsxuSA9Lc+" intask="true"><mutation type="IMAGE"></mutation><field name="TYPE">IMAGE</field><value name="VALUE"><block type="mbedImage_image" id="v=7fP/_DHEgb.lIc2d9B" intask="true"><field name="P00"></field><field name="P10"></field><field name="P20"></field><field name="P30"></field><field name="P40"></field><field name="P01">#</field><field name="P11"></field><field name="P21"></field><field name="P31"></field><field name="P41"></field><field name="P02">#</field><field name="P12">#</field><field name="P22">#</field><field name="P32"></field><field name="P42"></field><field name="P03">#</field><field name="P13"></field><field name="P23">#</field><field name="P33"></field><field name="P43"></field><field name="P04">#</field><field name="P14"></field><field name="P24">#</field><field name="P34"></field><field name="P44"></field></block></value></block><block type="robControls_wait_time" id="bYv?=nZ=Pl{gQ7pwW8u(" intask="true"><value name="WAIT"><block type="math_number" id="m!pZS@[DQ=@w-FWGsdhy" intask="true"><field name="NUM">200</field></block></value></block><block type="mbedActions_display_image" id="_|We~Ye@8wB;-+teBjOe" intask="true"><mutation type="IMAGE"></mutation><field name="TYPE">IMAGE</field><value name="VALUE"><block type="mbedImage_image" id="R=4vo?z.vKRo[Vy/qPM`" intask="true"><field name="P00"></field><field name="P10"></field><field name="P20"></field><field name="P30"></field><field name="P40"></field><field name="P01">#</field><field name="P11">#</field><field name="P21"></field><field name="P31"></field><field name="P41"></field><field name="P02"></field><field name="P12">#</field><field name="P22"></field><field name="P32"></field><field name="P42"></field><field name="P03"></field><field name="P13">#</field><field name="P23"></field><field name="P33"></field><field name="P43"></field><field name="P04"></field><field name="P14"></field><field name="P24"></field><field name="P34"></field><field name="P44"></field></block></value></block><block type="robControls_wait_time" id="!_/cXPgIc2OJwn1l;+Z*" intask="true"><value name="WAIT"><block type="math_number" id="7^5#FSun,d/J6S@~RPE)" intask="true"><field name="NUM">200</field></block></value></block><block type="mbedActions_display_image" id="bk!_SF3FQA7`OI}L`iS[" intask="true"><mutation type="IMAGE"></mutation><field name="TYPE">IMAGE</field><value name="VALUE"><block type="mbedImage_image" id="(NtXy.:V|x%]0dv.q{tm" intask="true"><field name="P00"></field><field name="P10"></field><field name="P20"></field><field name="P30"></field><field name="P40"></field><field name="P01">#</field><field name="P11"></field><field name="P21"></field><field name="P31"></field><field name="P41"></field><field name="P02">#</field><field name="P12"></field><field name="P22"></field><field name="P32"></field><field name="P42"></field><field name="P03">#</field><field name="P13"></field><field name="P23"></field><field name="P33"></field><field name="P43"></field><field name="P04"></field><field name="P14"></field><field name="P24"></field><field name="P34"></field><field name="P44"></field></block></value></block><block type="robControls_wait_time" id="YPVP=CtpvQ@5Xx5_kQT2" intask="true"><value name="WAIT"><block type="math_number" id="|[#fTdRG8*k|M,-!OJD=" intask="true"><field name="NUM">200</field></block></value></block><block type="mbedActions_display_image" id="e]8}bPb:yYCY.4SrFyCp" intask="true"><mutation type="IMAGE"></mutation><field name="TYPE">IMAGE</field><value name="VALUE"><block type="mbedImage_image" id="JhH1f:x8KQ)?Akw`LHpf" intask="true"><field name="P00"></field><field name="P10"></field><field name="P20"></field><field name="P30"></field><field name="P40"></field><field name="P01"></field><field name="P11"></field><field name="P21"></field><field name="P31"></field><field name="P41"></field><field name="P02"></field><field name="P12"></field><field name="P22"></field><field name="P32"></field><field name="P42"></field><field name="P03"></field><field name="P13"></field><field name="P23"></field><field name="P33"></field><field name="P43"></field><field name="P04"></field><field name="P14"></field><field name="P24"></field><field name="P34"></field><field name="P44"></field></block></value></block><block type="robControls_wait_time" id="z5s=D2*2j0y]hjzjVr*J" intask="true"><value name="WAIT"><block type="math_number" id="oVJK4AxTn7X7hy.YN55," intask="true"><field name="NUM">1000</field></block></value></block></statement></block></statement></block></instance></block_set></program><config><block_set robottype="calliope" xmlversion="3.1" description="" tags="" xmlns="http://de.fhg.iais.roberta.blockly"><instance x="269" y="213"><block type="robConf_key" id="Kbp:=x@gw@n.b~NH|1|e" intask="true" deletable="false"><field name="NAME">A</field><field name="PIN1">A</field></block></instance><instance x="400" y="373"><block type="robConf_accelerometer" id="#(ufvG,s^FcqI,aFn/A{" intask="true" deletable="false"><field name="NAME">_A</field></block></instance><instance x="269" y="277"><block type="robConf_key" id="~wk*JZQvB.fj=I`N#NWp" intask="true" deletable="false"><field name="NAME">B</field><field name="PIN1">B</field></block></instance><instance x="624" y="251"><block type="robConf_rgbled" id="lgi%C3,J!smR:eP0aal_" intask="true" deletable="false"><field name="NAME">_R</field><field name="PIN1">0</field></block></instance><instance x="624" y="213"><block type="robConf_buzzer" id="}%d2_68IJd*7Oy{qrMR," intask="true" deletable="false"><field name="NAME">_B</field></block></instance><instance x="400" y="297"><block type="robConf_compass" id="O%Oi0Tq`hGEvrgHGPYY=" intask="true" deletable="false"><field name="NAME">_C</field></block></instance><instance x="400" y="410"><block type="robConf_sound" id="e:4V0FcDx%9,.7xO,Ns@" intask="true" deletable="false"><field name="NAME">_S</field></block></instance><instance x="400" y="255"><block type="robConf_temperature" id="0y].dnS)P)~Jjzeu3/0C" intask="true" deletable="false"><field name="NAME">_T</field></block></instance><instance x="400" y="335"><block type="robConf_gyro" id="lIT?C5y|(7FWCQIUn~pc" intask="true" deletable="false"><field name="NAME">_G</field></block></instance><instance x="400" y="213"><block type="robConf_light" id="9Ktt(7_4+XmKC0]5Zha?" intask="true" deletable="false"><field name="NAME">_L</field></block></instance></block_set></config></export>