<export xmlns="http://de.fhg.iais.roberta.blockly"><program><block_set xmlns="http://de.fhg.iais.roberta.blockly" robottype="calliope" xmlversion="3.1" description="" tags=""><instance x="280" y="11"><block type="robControls_start" id="Ji*wgu+Uk@c)ow]Vp]Sx" intask="true" deletable="false"><mutation declare="false"></mutation><field name="DEBUG"></field></block><block type="robControls_loopForever" id="VXG??vrl`FR3Hp`,Gcyk" intask="true"><statement name="DO"><block type="robControls_ifElse" id="zwL^Ao^9~.dmT8_q%*@d" intask="true"><mutation else="1"></mutation><repetitions><value name="IF0"><block type="robSensors_pintouch_getSample" id="kD?8w)yn)^n#H%ubs8u2" intask="true"><mutation mode="PRESSED"></mutation><field name="MODE">PRESSED</field><field name="SENSORPORT">1</field><field name="SLOT"></field></block></value><statement name="DO0"><block type="mbedActions_display_image" id="H,,Z*t[G]fmAax=Qso(7" intask="true"><mutation type="IMAGE"></mutation><field name="TYPE">IMAGE</field><value name="VALUE"><block type="mbedImage_image" id="P#IgvRmjp^*f1[kQslDC" intask="true"><field name="P00"></field><field name="P10">#</field><field name="P20">#</field><field name="P30">#</field><field name="P40"></field><field name="P01">#</field><field name="P11"></field><field name="P21"></field><field name="P31"></field><field name="P41">#</field><field name="P02">#</field><field name="P12">#</field><field name="P22">#</field><field name="P32">#</field><field name="P42">#</field><field name="P03">#</field><field name="P13"></field><field name="P23"></field><field name="P33"></field><field name="P43">#</field><field name="P04">#</field><field name="P14">#</field><field name="P24">#</field><field name="P34">#</field><field name="P44">#</field></block></value></block><block type="mbedActions_leds_on" id="z[ke?Zz6R)b+ZDY9d)b0" intask="true"><field name="ACTORPORT">_R</field><hide name="ACTORPORT" value="_R"></hide><value name="COLOR"><block type="mbedColour_picker" id="Q1ypEh?)pp~:u~7w8?t~" intask="true"><field name="COLOUR">#33ff33</field></block></value></block></statement><statement name="ELSE"><block type="mbedActions_display_image" id="cib`-~[uEQBlecX=:10Q" intask="true"><mutation type="IMAGE"></mutation><field name="TYPE">IMAGE</field><value name="VALUE"><block type="mbedImage_image" id="tSf]rU3.??;Fup3fx%Bt" intask="true"><field name="P00"></field><field name="P10">#</field><field name="P20"></field><field name="P30"></field><field name="P40"></field><field name="P01">#</field><field name="P11"></field><field name="P21"></field><field name="P31"></field><field name="P41"></field><field name="P02">#</field><field name="P12">#</field><field name="P22">#</field><field name="P32">#</field><field name="P42">#</field><field name="P03">#</field><field name="P13"></field><field name="P23"></field><field name="P33"></field><field name="P43">#</field><field name="P04">#</field><field name="P14">#</field><field name="P24">#</field><field name="P34">#</field><field name="P44">#</field></block></value></block><block type="mbedActions_leds_on" id="~ifYNtc?fct3c-svkg(i" intask="true"><field name="ACTORPORT">_R</field><hide name="ACTORPORT" value="_R"></hide><value name="COLOR"><block type="mbedColour_picker" id="6fih`BozPCmCTy;n0ng4" intask="true"><field name="COLOUR">#ff0000</field></block></value></block></statement></repetitions></block></statement></block></instance></block_set></program><config><block_set robottype="calliope" xmlversion="3.1" description="" tags="" xmlns="http://de.fhg.iais.roberta.blockly"><instance x="269" y="213"><block type="robConf_key" id="Kbp:=x@gw@n.b~NH|1|e" intask="true" deletable="false"><field name="NAME">A</field><field name="PIN1">A</field></block></instance><instance x="400" y="373"><block type="robConf_accelerometer" id="#(ufvG,s^FcqI,aFn/A{" intask="true" deletable="false"><field name="NAME">_A</field></block></instance><instance x="269" y="277"><block type="robConf_key" id="~wk*JZQvB.fj=I`N#NWp" intask="true" deletable="false"><field name="NAME">B</field><field name="PIN1">B</field></block></instance><instance x="624" y="251"><block type="robConf_rgbled" id="lgi%C3,J!smR:eP0aal_" intask="true" deletable="false"><field name="NAME">_R</field><field name="PIN1">0</field></block></instance><instance x="624" y="213"><block type="robConf_buzzer" id="}%d2_68IJd*7Oy{qrMR," intask="true" deletable="false"><field name="NAME">_B</field></block></instance><instance x="400" y="297"><block type="robConf_compass" id="O%Oi0Tq`hGEvrgHGPYY=" intask="true" deletable="false"><field name="NAME">_C</field></block></instance><instance x="400" y="410"><block type="robConf_sound" id="e:4V0FcDx%9,.7xO,Ns@" intask="true" deletable="false"><field name="NAME">_S</field></block></instance><instance x="400" y="255"><block type="robConf_temperature" id="0y].dnS)P)~Jjzeu3/0C" intask="true" deletable="false"><field name="NAME">_T</field></block></instance><instance x="400" y="335"><block type="robConf_gyro" id="lIT?C5y|(7FWCQIUn~pc" intask="true" deletable="false"><field name="NAME">_G</field></block></instance><instance x="400" y="213"><block type="robConf_light" id="9Ktt(7_4+XmKC0]5Zha?" intask="true" deletable="false"><field name="NAME">_L</field></block></instance></block_set></config></export>