<export xmlns="http://de.fhg.iais.roberta.blockly"><program><block_set xmlns="http://de.fhg.iais.roberta.blockly" robottype="calliope" xmlversion="3.1" description="" tags=""><instance x="370" y="101"><block type="robControls_start" id="EqW-oH%zS;h3fPEiS^NG" intask="true" deletable="false"><mutation declare="true"></mutation><field name="DEBUG"></field><statement name="ST"><block type="robGlobalVariables_declare" id="nZQt:ndWn?8nVWE,Vtn}" intask="true" deletable="false" movable="false"><mutation next="false" declaration_type="Number"></mutation><field name="VAR">Personen</field><field name="TYPE">Number</field><value name="VALUE"><block type="math_number" id="TQr|rd|s89?WyQ-~gIcb" intask="true"><field name="NUM">0</field></block></value></block></statement></block><block type="robControls_loopForever" id=",g_81v%HmPed^i}0xH5_" intask="true"><statement name="DO"><block type="robControls_if" id=")TI++#_AYf!}~mAG]N7U" intask="true"><value name="IF0"><block type="robSensors_key_getSample" id="Ro/a9@_VVI~{{MxC0ba-" intask="true"><mutation mode="PRESSED"></mutation><field name="MODE">PRESSED</field><field name="SENSORPORT">A</field><field name="SLOT"></field></block></value><statement name="DO0"><block type="mbedActions_leds_on" id="y|^g~=!ap/?MbYrd792B" intask="true"><field name="ACTORPORT">_R</field><hide name="ACTORPORT" value="_R"></hide><value name="COLOR"><block type="mbedColour_picker" id="g7u.{`Vor-ynGeT9):)y" intask="true"><field name="COLOUR">#ff0000</field></block></value></block><block type="robControls_wait_time" id="Y]wN+V9Ur+sy(I^TJ!#`" intask="true"><value name="WAIT"><block type="math_number" id="qXHla-.W[b;lQ3ol0sGx" intask="true"><field name="NUM">500</field></block></value></block><block type="variables_set" id="q3B^Tdgwa6]K~^O60lky" intask="true"><mutation datatype="Number"></mutation><field name="VAR">Personen</field><value name="VALUE"><block type="math_arithmetic" id="Q{e+8XIbnrUns.rbjtCa" intask="true"><field name="OP">ADD</field><value name="A"><block type="variables_get" id="Nwt5`eChbgMnTGwA2M6L" intask="true"><mutation datatype="Number"></mutation><field name="VAR">Personen</field></block></value><value name="B"><block type="math_number" id="i:__v?B+VWYf7+`Hd_XZ" intask="true"><field name="NUM">1</field></block></value></block></value></block><block type="mbedActions_display_text" id="SB,1BF[j.^)44KV52H6D" intask="true"><field name="TYPE">TEXT</field><value name="OUT"><block type="variables_get" id="-dKYj.^hS^)#38Yer7Nf" intask="true"><mutation datatype="Number"></mutation><field name="VAR">Personen</field></block></value></block><block type="mbedActions_leds_on" id="7)B~j#ki=Z/WUSOnUPYE" intask="true"><field name="ACTORPORT">_R</field><hide name="ACTORPORT" value="_R"></hide><value name="COLOR"><block type="mbedColour_picker" id="6-zi,o66O+bn%1LC0*G4" intask="true"><field name="COLOUR">#33ff33</field></block></value></block><block type="robControls_wait_time" id="{AGNMO};e2Ha{j6T?fM@" intask="true"><value name="WAIT"><block type="math_number" id="2),nrJ5[jSqWiS|YI)Ns" intask="true"><field name="NUM">500</field></block></value></block></statement></block><block type="robControls_if" id="I3/iz[5bG7]c5A1[yb*_" intask="true"><value name="IF0"><block type="robSensors_key_getSample" id="Aov/)V~a]qTrde6=6iIh" intask="true"><mutation mode="PRESSED"></mutation><field name="MODE">PRESSED</field><field name="SENSORPORT">B</field><field name="SLOT"></field></block></value><statement name="DO0"><block type="mbedActions_leds_on" id="CFIcS.iZm%x{[l_I`)7k" intask="true"><field name="ACTORPORT">_R</field><hide name="ACTORPORT" value="_R"></hide><value name="COLOR"><block type="mbedColour_picker" id="IF:4{#QIP|*fgsR/k.!=" intask="true"><field name="COLOUR">#ff0000</field></block></value></block><block type="robControls_wait_time" id="m1`#UInk4(K0W(_hLEFG" intask="true"><value name="WAIT"><block type="math_number" id="HYdo58,30?.wrj*q7^I;" intask="true"><field name="NUM">500</field></block></value></block><block type="variables_set" id=":P/Jx*)8E}{!@GpK4glp" intask="true"><mutation datatype="Number"></mutation><field name="VAR">Personen</field><value name="VALUE"><block type="math_arithmetic" id="gV|3FB0_G)@-N#LPMtj?" intask="true"><field name="OP">MINUS</field><value name="A"><block type="variables_get" id="|=f~9^@W5bhBf-Ou7P6B" intask="true"><mutation datatype="Number"></mutation><field name="VAR">Personen</field></block></value><value name="B"><block type="math_number" id="a8!9XjXG;E#*lJnD+`/w" intask="true"><field name="NUM">1</field></block></value></block></value></block><block type="mbedActions_display_text" id="2WvII@Sm7.i=OfI%PAwH" intask="true"><field name="TYPE">TEXT</field><value name="OUT"><block type="variables_get" id="#9!:xxcz+bt9n]lc?=){" intask="true"><mutation datatype="Number"></mutation><field name="VAR">Personen</field></block></value></block><block type="mbedActions_leds_on" id="C``gm9Iz;.;-?xlytGLf" intask="true"><field name="ACTORPORT">_R</field><hide name="ACTORPORT" value="_R"></hide><value name="COLOR"><block type="mbedColour_picker" id="!L0LBQ_3JI#SD44dBL{M" intask="true"><field name="COLOUR">#66ff99</field></block></value></block></statement></block></statement></block></instance></block_set></program><config><block_set robottype="calliope" xmlversion="3.1" description="" tags="" xmlns="http://de.fhg.iais.roberta.blockly"><instance x="269" y="213"><block type="robConf_key" id="Kbp:=x@gw@n.b~NH|1|e" intask="true" deletable="false"><field name="NAME">A</field><field name="PIN1">A</field></block></instance><instance x="400" y="373"><block type="robConf_accelerometer" id="#(ufvG,s^FcqI,aFn/A{" intask="true" deletable="false"><field name="NAME">_A</field></block></instance><instance x="269" y="277"><block type="robConf_key" id="~wk*JZQvB.fj=I`N#NWp" intask="true" deletable="false"><field name="NAME">B</field><field name="PIN1">B</field></block></instance><instance x="624" y="251"><block type="robConf_rgbled" id="lgi%C3,J!smR:eP0aal_" intask="true" deletable="false"><field name="NAME">_R</field><field name="PIN1">0</field></block></instance><instance x="624" y="213"><block type="robConf_buzzer" id="}%d2_68IJd*7Oy{qrMR," intask="true" deletable="false"><field name="NAME">_B</field></block></instance><instance x="400" y="297"><block type="robConf_compass" id="O%Oi0Tq`hGEvrgHGPYY=" intask="true" deletable="false"><field name="NAME">_C</field></block></instance><instance x="400" y="410"><block type="robConf_sound" id="e:4V0FcDx%9,.7xO,Ns@" intask="true" deletable="false"><field name="NAME">_S</field></block></instance><instance x="400" y="255"><block type="robConf_temperature" id="0y].dnS)P)~Jjzeu3/0C" intask="true" deletable="false"><field name="NAME">_T</field></block></instance><instance x="400" y="335"><block type="robConf_gyro" id="lIT?C5y|(7FWCQIUn~pc" intask="true" deletable="false"><field name="NAME">_G</field></block></instance><instance x="400" y="213"><block type="robConf_light" id="9Ktt(7_4+XmKC0]5Zha?" intask="true" deletable="false"><field name="NAME">_L</field></block></instance></block_set></config></export>