<export xmlns="http://de.fhg.iais.roberta.blockly"><program><block_set xmlns="http://de.fhg.iais.roberta.blockly" robottype="calliope" xmlversion="3.1" description="" tags=""><instance x="214" y="-138"><block type="robControls_start" id=",#V%*xdw+@}j`Nce7mlt" intask="true" deletable="false"><mutation declare="false"></mutation><field name="DEBUG"></field></block><block type="robControls_loopForever" id=":g1v1cTa_VaN?;yJV#(R" intask="true"><statement name="DO"><block type="robControls_if" id="@m/8jI%mEYk)+E.S/,GB" intask="true"><value name="IF0"><block type="robSensors_key_getSample" id="@thee@E}B@{V7vjTqH%;" intask="true"><mutation mode="PRESSED"></mutation><field name="MODE">PRESSED</field><field name="SENSORPORT">A</field><field name="SLOT"></field></block></value><statement name="DO0"><block type="robControls_if" id="l89h%Wg9hxQm}f7y%4Iz" intask="true"><value name="IF0"><block type="logic_compare" id="X1*t;`0_Il?CRRv%(!|F" intask="true"><field name="OP">EQ</field><value name="A"><block type="math_random_int" id="SpMkLUo3L41{Uz`/`V9`" intask="true"><value name="FROM"><block type="math_number" id=";ia4M{*?kY`D+Rq)oQlk" intask="true"><field name="NUM">1</field></block></value><value name="TO"><block type="math_number" id="Ipzc^.hv?|@bPX0_[X1[" intask="true"><field name="NUM">4</field></block></value></block></value><value name="B"><block type="math_number" id="J5`Y.||Klt21M2Wcw3Ag" intask="true"><field name="NUM">1</field></block></value></block></value><statement name="DO0"><block type="mbedActions_display_image" id="L,T+Tckx[=FKOKJ)d}`1" intask="true"><mutation type="IMAGE"></mutation><field name="TYPE">IMAGE</field><value name="VALUE"><block type="mbedImage_image" id="aI6]1w#Ug!G@vm}7p1GL" intask="true"><field name="P00">#</field><field name="P10"></field><field name="P20"></field><field name="P30"></field><field name="P40">#</field><field name="P01"></field><field name="P11">#</field><field name="P21"></field><field name="P31">#</field><field name="P41"></field><field name="P02"></field><field name="P12"></field><field name="P22">#</field><field name="P32"></field><field name="P42"></field><field name="P03"></field><field name="P13">#</field><field name="P23"></field><field name="P33">#</field><field name="P43"></field><field name="P04">#</field><field name="P14"></field><field name="P24"></field><field name="P34"></field><field name="P44">#</field></block></value></block></statement></block><block type="robControls_if" id="C?PpFAX^h*X9g],rU}U9" intask="true"><value name="IF0"><block type="logic_compare" id="4W1Xy/A(FVQ)gEu=p-`a" intask="true"><field name="OP">EQ</field><value name="A"><block type="math_random_int" id="Mx,,gTyDTwr%,q2UY)!Z" intask="true"><value name="FROM"><block type="math_number" id="^xzlcg0bB5c0@BLJJVE!" intask="true"><field name="NUM">1</field></block></value><value name="TO"><block type="math_number" id="UpM^iM055sEd#1Z94o9b" intask="true"><field name="NUM">4</field></block></value></block></value><value name="B"><block type="math_number" id="{V^dh=({%nPFw@3]ip3W" intask="true"><field name="NUM">2</field></block></value></block></value><statement name="DO0"><block type="mbedActions_display_image" id="52(-l,Me#(yPk:Y**8F]" intask="true"><mutation type="IMAGE"></mutation><field name="TYPE">IMAGE</field><value name="VALUE"><block type="mbedImage_image" id="Hmp1T9Vg=R^#uATuJ,;c" intask="true"><field name="P00"></field><field name="P10"></field><field name="P20"></field><field name="P30"></field><field name="P40"></field><field name="P01"></field><field name="P11">#</field><field name="P21">#</field><field name="P31">#</field><field name="P41"></field><field name="P02"></field><field name="P12">#</field><field name="P22">#</field><field name="P32">#</field><field name="P42"></field><field name="P03"></field><field name="P13">#</field><field name="P23">#</field><field name="P33">#</field><field name="P43"></field><field name="P04"></field><field name="P14"></field><field name="P24"></field><field name="P34"></field><field name="P44"></field></block></value></block></statement></block><block type="robControls_if" id="ZkQ5tiOZJfyEHXRx73,R" intask="true"><value name="IF0"><block type="logic_compare" id="^}g?y`x=He6SzzCcxA]0" intask="true"><field name="OP">EQ</field><value name="A"><block type="math_random_int" id="TyZ9PYLetM]T_T5,.W5s" intask="true"><value name="FROM"><block type="math_number" id="jis@HpBV:uygLk.*B:aw" intask="true"><field name="NUM">1</field></block></value><value name="TO"><block type="math_number" id="byg_90bi-Eo}h,9|E_/_" intask="true"><field name="NUM">4</field></block></value></block></value><value name="B"><block type="math_number" id="f/`)d^FsNjDn?Uc+f`R-" intask="true"><field name="NUM">3</field></block></value></block></value><statement name="DO0"><block type="mbedActions_display_image" id="bN]zPd2YcxeuNOmK%O)," intask="true"><mutation type="IMAGE"></mutation><field name="TYPE">IMAGE</field><value name="VALUE"><block type="mbedImage_image" id="Z6?Sq5gsJOO^piI3pb_h" intask="true"><field name="P00"></field><field name="P10"></field><field name="P20"></field><field name="P30"></field><field name="P40"></field><field name="P01"></field><field name="P11"></field><field name="P21"></field><field name="P31"></field><field name="P41"></field><field name="P02">#</field><field name="P12">#</field><field name="P22">#</field><field name="P32">#</field><field name="P42">#</field><field name="P03"></field><field name="P13"></field><field name="P23"></field><field name="P33"></field><field name="P43"></field><field name="P04"></field><field name="P14"></field><field name="P24"></field><field name="P34"></field><field name="P44"></field></block></value></block></statement></block><block type="robControls_if" id="0rQZ{-.AjK9TK7_OI;X8" intask="true"><value name="IF0"><block type="logic_compare" id="T^R#FT8zYK3D:KdB3J!K" intask="true"><field name="OP">EQ</field><value name="A"><block type="math_random_int" id="bNQub3%g9LGPSoS5r(Y8" intask="true"><value name="FROM"><block type="math_number" id="fHPr=9g,aifZ|]pQr-Vt" intask="true"><field name="NUM">1</field></block></value><value name="TO"><block type="math_number" id=".?n[phk8wL^0Nn`zTeNk" intask="true"><field name="NUM">4</field></block></value></block></value><value name="B"><block type="math_number" id="ie0Xcal-_u@uYM3Fi,aA" intask="true"><field name="NUM">4</field></block></value></block></value><statement name="DO0"><block type="mbedActions_display_image" id="C6?Uyl3Z=TS7GA2yNEw_" intask="true"><mutation type="IMAGE"></mutation><field name="TYPE">IMAGE</field><value name="VALUE"><block type="mbedImage_image" id="-,[bI*Y6xeV3(qVp@fkd" intask="true"><field name="P00">#</field><field name="P10"></field><field name="P20"></field><field name="P30"></field><field name="P40">#</field><field name="P01">#</field><field name="P11"></field><field name="P21"></field><field name="P31"></field><field name="P41">#</field><field name="P02">#</field><field name="P12"></field><field name="P22"></field><field name="P32"></field><field name="P42">#</field><field name="P03">#</field><field name="P13"></field><field name="P23"></field><field name="P33"></field><field name="P43">#</field><field name="P04">#</field><field name="P14">#</field><field name="P24">#</field><field name="P34">#</field><field name="P44">#</field></block></value></block></statement></block></statement></block></statement></block></instance></block_set></program><config><block_set robottype="calliope" xmlversion="3.1" description="" tags="" xmlns="http://de.fhg.iais.roberta.blockly"><instance x="-34" y="270"><block type="robConf_key" id="Kbp:=x@gw@n.b~NH|1|e" intask="true" deletable="false"><field name="NAME">A</field><field name="PIN1">A</field></block></instance><instance x="-34" y="120"><block type="robConf_key" id="~wk*JZQvB.fj=I`N#NWp" intask="true" deletable="false"><field name="NAME">B</field><field name="PIN1">B</field></block></instance><instance x="80" y="268"><block type="robConf_accelerometer" id="#(ufvG,s^FcqI,aFn/A{" intask="true" deletable="false"><field name="NAME">_A</field></block></instance><instance x="-34" y="450"><block type="robConf_buzzer" id="}%d2_68IJd*7Oy{qrMR," intask="true" deletable="false"><field name="NAME">_B</field></block></instance><instance x="-34" y="422"><block type="robConf_rgbled" id="lgi%C3,J!smR:eP0aal_" intask="true" deletable="false"><field name="NAME">_R</field></block></instance><instance x="80" y="239"><block type="robConf_compass" id="O%Oi0Tq`hGEvrgHGPYY=" intask="true" deletable="false"><field name="NAME">_C</field></block></instance><instance x="197" y="162"><block type="robConf_sound" id="e:4V0FcDx%9,.7xO,Ns@" intask="true" deletable="false"><field name="NAME">_S</field></block></instance><instance x="80" y="378"><block type="robConf_temperature" id="0y].dnS)P)~Jjzeu3/0C" intask="true" deletable="false"><field name="NAME">_T</field></block></instance><instance x="80" y="211"><block type="robConf_gyro" id="lIT?C5y|(7FWCQIUn~pc" intask="true" deletable="false"><field name="NAME">_G</field></block></instance><instance x="197" y="190"><block type="robConf_light" id="9Ktt(7_4+XmKC0]5Zha?" intask="true" deletable="false"><field name="NAME">_L</field></block></instance></block_set></config></export>