<export xmlns="http://de.fhg.iais.roberta.blockly"><program><block_set xmlns="http://de.fhg.iais.roberta.blockly" robottype="calliope" xmlversion="3.1" description="" tags=""><instance x="127" y="-49"><block type="robControls_start" id="k6,=P]9C%h]|1r[oN^+)" intask="true" deletable="false"><mutation declare="false"></mutation><field name="DEBUG"></field></block><block type="mbedSensors_timer_reset" id="V;k6;ja:j8igV#dF=7:k" intask="true"><field name="SENSORPORT">1</field></block><block type="mbedActions_leds_on" id="D%J.)?7%|OhYLSr-(Yx%" intask="true"><field name="ACTORPORT">_R</field><hide name="ACTORPORT" value="_R"></hide><value name="COLOR"><block type="mbedColour_picker" id="7r#Rk%U92g)KZ`N;uE82" intask="true"><field name="COLOUR">#ff0000</field></block></value></block><block type="robControls_loopForever" id="2+h#V7V!m9!T|G7rY=nD" intask="true"><statement name="DO"><block type="robControls_if" id="i!#H1e.]C`i4^;03|sfW" intask="true"><value name="IF0"><block type="logic_compare" id="ZJ/bp/U*9MN0THvDGt1f" intask="true"><field name="OP">GT</field><value name="A"><block type="robSensors_getSample" id="LnL`}0=mFn#B@nG9q(pr" intask="true"><mutation input="TIMER_VALUE"></mutation><field name="SENSORTYPE">TIMER_VALUE</field><field name="SENSORPORT">1</field><field name="SLOT">1</field></block></value><value name="B"><block type="math_number" id="n+dbThCfb2BO=[5lr}:_" intask="true"><field name="NUM">5000</field></block></value></block></value><statement name="DO0"><block type="mbedActions_leds_on" id="7Jg|rQCJhN?THa/QMB}1" intask="true"><field name="ACTORPORT">_R</field><hide name="ACTORPORT" value="_R"></hide><value name="COLOR"><block type="mbedColour_picker" id="MAOy*U8~=lyp}z%Kr^Vk" intask="true"><field name="COLOUR">#33cc00</field></block></value></block></statement></block><block type="robControls_if" id="HVsXZ-8MLfGTi}1H32M_" intask="true"><value name="IF0"><block type="robSensors_key_getSample" id="L-V1ays61jR8H)L[y5;h" intask="true"><mutation mode="PRESSED"></mutation><field name="MODE">PRESSED</field><field name="SENSORPORT">A</field><field name="SLOT"></field></block></value><statement name="DO0"><block type="mbedSensors_timer_reset" id="Z?|Ge]qAZ9?310QIb9v=" intask="true"><field name="SENSORPORT">1</field></block><block type="mbedActions_leds_on" id="*uO24{_{/4(TmW:Grlhw" intask="true"><field name="ACTORPORT">_R</field><hide name="ACTORPORT" value="_R"></hide><value name="COLOR"><block type="mbedColour_picker" id="73vY@053S4:I8:^IJGT{" intask="true"><field name="COLOUR">#ff0000</field></block></value></block></statement></block></statement></block></instance></block_set></program><config><block_set robottype="calliope" xmlversion="3.1" description="" tags="" xmlns="http://de.fhg.iais.roberta.blockly"><instance x="269" y="213"><block type="robConf_key" id="Kbp:=x@gw@n.b~NH|1|e" intask="true" deletable="false"><field name="NAME">A</field><field name="PIN1">A</field></block></instance><instance x="400" y="373"><block type="robConf_accelerometer" id="#(ufvG,s^FcqI,aFn/A{" intask="true" deletable="false"><field name="NAME">_A</field></block></instance><instance x="269" y="277"><block type="robConf_key" id="~wk*JZQvB.fj=I`N#NWp" intask="true" deletable="false"><field name="NAME">B</field><field name="PIN1">B</field></block></instance><instance x="624" y="251"><block type="robConf_rgbled" id="lgi%C3,J!smR:eP0aal_" intask="true" deletable="false"><field name="NAME">_R</field><field name="PIN1">0</field></block></instance><instance x="624" y="213"><block type="robConf_buzzer" id="}%d2_68IJd*7Oy{qrMR," intask="true" deletable="false"><field name="NAME">_B</field></block></instance><instance x="400" y="297"><block type="robConf_compass" id="O%Oi0Tq`hGEvrgHGPYY=" intask="true" deletable="false"><field name="NAME">_C</field></block></instance><instance x="400" y="410"><block type="robConf_sound" id="e:4V0FcDx%9,.7xO,Ns@" intask="true" deletable="false"><field name="NAME">_S</field></block></instance><instance x="400" y="255"><block type="robConf_temperature" id="0y].dnS)P)~Jjzeu3/0C" intask="true" deletable="false"><field name="NAME">_T</field></block></instance><instance x="400" y="335"><block type="robConf_gyro" id="lIT?C5y|(7FWCQIUn~pc" intask="true" deletable="false"><field name="NAME">_G</field></block></instance><instance x="400" y="213"><block type="robConf_light" id="9Ktt(7_4+XmKC0]5Zha?" intask="true" deletable="false"><field name="NAME">_L</field></block></instance></block_set></config></export>