<export xmlns="http://de.fhg.iais.roberta.blockly"><program><block_set xmlns="http://de.fhg.iais.roberta.blockly" robottype="calliope" xmlversion="3.1" description="" tags=""><instance x="127" y="33"><block type="robControls_start" id="S*m,hFI;{+Uo0iRrUQ8~" intask="true" deletable="false"><mutation declare="false"></mutation><field name="DEBUG"></field></block><block type="robControls_loopForever" id="YY#{ID1jrc/,:_)F!mTU" intask="true"><statement name="DO"><block type="robControls_ifElse" id="uP5`TVz21+.Up(q#6@pF" intask="true"><mutation else="1"></mutation><repetitions><value name="IF0"><block type="logic_compare" id="b+~vEU6;sR0yl#E^i]*3" intask="true"><field name="OP">LT</field><value name="A"><block type="robSensors_light_getSample" id="edzvEY)Y]123uf3{-Xm%" intask="true"><mutation mode="VALUE"></mutation><field name="MODE">VALUE</field><field name="SLOT"></field><field name="SENSORPORT">_L</field><hide name="SENSORPORT" value="_L"></hide></block></value><value name="B"><block type="math_number" id="I19cOk7)1iV@s=YuWdz?" intask="true"><field name="NUM">30</field></block></value></block></value><statement name="DO0"><block type="mbedActions_leds_on" id="q3!EFqDU:ek{!t#mL-@k" intask="true"><field name="ACTORPORT">_R</field><hide name="ACTORPORT" value="_R"></hide><value name="COLOR"><block type="mbedColour_picker" id="#f|O`QBy+33;nZ/01YE#" intask="true"><field name="COLOUR">#ffffff</field></block></value></block></statement><statement name="ELSE"><block type="mbedActions_leds_on" id="P)u,{?7I1^./A)!kKa2d" intask="true"><field name="ACTORPORT">_R</field><hide name="ACTORPORT" value="_R"></hide><value name="COLOR"><block type="mbedColour_picker" id="v.S(fvSXZ:I_=%Bk]u0R" intask="true"><field name="COLOUR">#000000</field></block></value></block></statement></repetitions></block></statement></block></instance></block_set></program><config><block_set robottype="calliope" xmlversion="3.1" description="" tags="" xmlns="http://de.fhg.iais.roberta.blockly"><instance x="269" y="213"><block type="robConf_key" id="Kbp:=x@gw@n.b~NH|1|e" intask="true" deletable="false"><field name="NAME">A</field><field name="PIN1">A</field></block></instance><instance x="400" y="373"><block type="robConf_accelerometer" id="#(ufvG,s^FcqI,aFn/A{" intask="true" deletable="false"><field name="NAME">_A</field></block></instance><instance x="269" y="277"><block type="robConf_key" id="~wk*JZQvB.fj=I`N#NWp" intask="true" deletable="false"><field name="NAME">B</field><field name="PIN1">B</field></block></instance><instance x="624" y="251"><block type="robConf_rgbled" id="lgi%C3,J!smR:eP0aal_" intask="true" deletable="false"><field name="NAME">_R</field><field name="PIN1">0</field></block></instance><instance x="624" y="213"><block type="robConf_buzzer" id="}%d2_68IJd*7Oy{qrMR," intask="true" deletable="false"><field name="NAME">_B</field></block></instance><instance x="400" y="297"><block type="robConf_compass" id="O%Oi0Tq`hGEvrgHGPYY=" intask="true" deletable="false"><field name="NAME">_C</field></block></instance><instance x="400" y="410"><block type="robConf_sound" id="e:4V0FcDx%9,.7xO,Ns@" intask="true" deletable="false"><field name="NAME">_S</field></block></instance><instance x="400" y="255"><block type="robConf_temperature" id="0y].dnS)P)~Jjzeu3/0C" intask="true" deletable="false"><field name="NAME">_T</field></block></instance><instance x="400" y="335"><block type="robConf_gyro" id="lIT?C5y|(7FWCQIUn~pc" intask="true" deletable="false"><field name="NAME">_G</field></block></instance><instance x="400" y="213"><block type="robConf_light" id="9Ktt(7_4+XmKC0]5Zha?" intask="true" deletable="false"><field name="NAME">_L</field></block></instance></block_set></config></export>