<export xmlns="http://de.fhg.iais.roberta.blockly"><program><block_set xmlns="http://de.fhg.iais.roberta.blockly" robottype="calliope" xmlversion="3.1" description="&lt;div&gt;&lt;font style=&quot;&quot; size=&quot;4&quot;&gt;&amp;nbsp;Ultraschallsensor (Ultrasonic Ranger)&lt;/font&gt;&lt;/div&gt;&lt;font style=&quot;&quot; size=&quot;3&quot;&gt;&lt;div&gt;&lt;font style=&quot;&quot; size=&quot;3&quot;&gt;&lt;br&gt;&lt;/font&gt;&lt;/div&gt;Die Übung&lt;br&gt;&lt;/font&gt;&lt;div style=&quot;text-align: left;&quot;&gt;&lt;font style=&quot;&quot; size=&quot;2&quot; color=&quot;#000000&quot;&gt;In einem ersten Schritt soll die Funktion des Ultraschallsensors und dessen Programmierung gezeigt werden. Aufgabe hierbei ist es, ein entsprechendes Programm zu entwickeln, das den vom Sensor gemessenen Abstand als Zahlenwert auf der 5x5-LED Anzeige ausgibt. Außerdem kann das Programm um die Messwert-Anzeige auf einem Serial Monitor erweitert werden.&lt;/font&gt;&lt;/div&gt;&lt;div style=&quot;text-align: left;&quot;&gt;&lt;br&gt;&lt;/div&gt;&lt;div&gt;&lt;font style=&quot;&quot; size=&quot;3&quot;&gt;Thema&lt;/font&gt;&lt;/div&gt;&lt;div&gt;&lt;font style=&quot;&quot; size=&quot;2&quot;&gt;Erweiterung der Funktion des Calliope minis basierend auf die Abstandsmessung des Grove-Ultraschallsensors.&lt;/font&gt;&lt;/div&gt;&lt;div&gt;&lt;br&gt;&lt;/div&gt;&lt;div&gt;&lt;font style=&quot;&quot; size=&quot;3&quot;&gt;Material&lt;/font&gt;&lt;/div&gt;&lt;div&gt;&lt;font style=&quot;&quot; size=&quot;2&quot;&gt;Seeed Grove-Ultrasonic-Ranger&lt;/font&gt;&lt;/div&gt;&lt;div&gt;&lt;font style=&quot;&quot; size=&quot;3&quot;&gt;&lt;br&gt;&lt;/font&gt;&lt;/div&gt;&lt;div&gt;&lt;font size=&quot;3&quot;&gt;Links&lt;/font&gt;&lt;/div&gt;&lt;div&gt;&lt;font style=&quot;&quot; size=&quot;2&quot;&gt;https://www.seeedstudio.com/Grove-Ultrasonic-Ranger-p-960.html &lt;/font&gt;&lt;/div&gt;&lt;div&gt;&lt;font style=&quot;&quot; size=&quot;2&quot;&gt;http://wiki.seeedstudio.com/Grove-Ultrasonic_Ranger&lt;/font&gt;&lt;/div&gt;&lt;div&gt;&lt;br&gt;&lt;/div&gt;&lt;div&gt;&lt;font style=&quot;&quot; size=&quot;3&quot;&gt;&lt;br&gt;&lt;/font&gt;&lt;/div&gt;&lt;div&gt;&lt;font style=&quot;&quot; size=&quot;5&quot;&gt;&lt;br&gt;&lt;/font&gt;&lt;/div&gt;" tags="Calliope,Grove,Ultrasonic,Ranger,Ultraschallsensor"><instance x="405" y="179"><block type="robControls_start" id=")[=OdW7~zI%7c{zDQXIx" intask="true" deletable="false"><mutation declare="true"></mutation><field name="DEBUG"></field><statement name="ST"><block type="robGlobalVariables_declare" id="`=+:QV;DW1%)!tD3wadA" intask="true" deletable="false" movable="false"><mutation next="false" declaration_type="Number"></mutation><field name="VAR">Messwert</field><field name="TYPE">Number</field><value name="VALUE"><block type="math_number" id="X/!+m1{6beY5Mlx?igKQ" intask="true"><field name="NUM">0</field></block></value></block></statement></block><block type="robControls_loopForever" id="mRRP??T}YK2GYpFZ)nTK" intask="true"><statement name="DO"><block type="variables_set" id="#U~!%)|X,Ni0CiWhO]KO" intask="true"><mutation datatype="Number"></mutation><field name="VAR">Messwert</field><value name="VALUE"><block type="math_arithmetic" id="q,?tLo|2kD9S_?7;.^VP" intask="true"><field name="OP">DIVIDE</field><value name="A"><block type="robSensors_pin_getSample" id=",Yj~m:_g[5C:+ws%T{.V" intask="true"><mutation mode="ANALOG"></mutation><field name="MODE">ANALOG</field><field name="SENSORPORT">S</field><field name="SLOT"></field></block></value><value name="B"><block type="math_number" id="0hPUOWP19Y%tK?Vsas}T" intask="true"><field name="NUM">23</field></block></value></block></value></block><block type="mbedActions_display_text" id="9wD_6eh|Y:#zNNnr*rqJ" intask="true"><field name="TYPE">TEXT</field><value name="OUT"><block type="variables_get" id="Sh+9xM,QrZf6t?G*@/_G" intask="true"><mutation datatype="Number"></mutation><field name="VAR">Messwert</field></block></value></block></statement></block></instance></block_set></program><config><block_set robottype="calliope" xmlversion="3.1" description="" tags="" xmlns="http://de.fhg.iais.roberta.blockly"><instance x="695" y="313"><block type="robConf_key" id="Kbp:=x@gw@n.b~NH|1|e" intask="true" deletable="false"><field name="NAME">A</field><field name="PIN1">A</field></block></instance><instance x="695" y="377"><block type="robConf_key" id="~wk*JZQvB.fj=I`N#NWp" intask="true" deletable="false"><field name="NAME">B</field><field name="PIN1">B</field></block></instance><instance x="826" y="473"><block type="robConf_accelerometer" id="#(ufvG,s^FcqI,aFn/A{" intask="true" deletable="false"><field name="NAME">_A</field></block></instance><instance x="1050" y="313"><block type="robConf_buzzer" id="}%d2_68IJd*7Oy{qrMR," intask="true" deletable="false"><field name="NAME">_B</field></block></instance><instance x="826" y="397"><block type="robConf_compass" id="O%Oi0Tq`hGEvrgHGPYY=" intask="true" deletable="false"><field name="NAME">_C</field></block></instance><instance x="826" y="435"><block type="robConf_gyro" id="lIT?C5y|(7FWCQIUn~pc" intask="true" deletable="false"><field name="NAME">_G</field></block></instance><instance x="826" y="313"><block type="robConf_light" id="9Ktt(7_4+XmKC0]5Zha?" intask="true" deletable="false"><field name="NAME">_L</field></block></instance><instance x="1225" y="313"><block type="robConf_ultrasonic" id="A1" inline="false" intask="true"><field name="NAME">A1</field><field name="PIN1">1</field></block></instance><instance x="992" y="204"><block type="robConf_analogout" id="E_*ad1pMLT`Ka1Hn2qt`" intask="true"><field name="NAME">S</field><field name="PIN1">C16</field></block></instance><instance x="1050" y="351"><block type="robConf_rgbled" id="lgi%C3,J!smR:eP0aal_" intask="true" deletable="false"><field name="NAME">_R</field></block></instance><instance x="826" y="510"><block type="robConf_sound" id="e:4V0FcDx%9,.7xO,Ns@" intask="true" deletable="false"><field name="NAME">_S</field></block></instance><instance x="826" y="355"><block type="robConf_temperature" id="0y].dnS)P)~Jjzeu3/0C" intask="true" deletable="false"><field name="NAME">_T</field></block></instance></block_set></config></export>