<export xmlns="http://de.fhg.iais.roberta.blockly"><program><block_set xmlns="http://de.fhg.iais.roberta.blockly" robottype="calliope" xmlversion="3.1" description="" tags=""><instance x="522" y="125"><block type="robControls_start" id="A*SZo!?5yeWNf!r7U`nn" intask="true" deletable="false"><mutation declare="true"></mutation><field name="DEBUG"></field><statement name="ST"><block type="robGlobalVariables_declare" id="OgnD7+UB3(G]OOENh6c*" intask="true" deletable="false" movable="false"><mutation next="false" declaration_type="Number"></mutation><field name="VAR">wert</field><field name="TYPE">Number</field><value name="VALUE"><block type="math_number" id="fLn?^MY;ShFjJTNh`w~l" intask="true"><field name="NUM">0</field></block></value></block></statement></block><block type="robControls_loopForever" id="ba4I#Tv8U`(+S|?6-1s2" intask="true"><statement name="DO"><block type="variables_set" id="0x%[yB)JG=}hf4b7ne7N" intask="true"><mutation datatype="Number"></mutation><field name="VAR">wert</field><value name="VALUE"><block type="robSensors_pin_getSample" id="y}j2B4:(3tLztXAw#obX" intask="true"><mutation mode="ANALOG"></mutation><field name="MODE">ANALOG</field><field name="SENSORPORT">A1</field><field name="SLOT"></field></block></value></block><block type="robControls_if" id="M1DM7#WhM`YNp~/giCE3" intask="true"><mutation elseif="2"></mutation><repetitions><value name="IF0"><block type="logic_compare" id="PM8z=!0m}e3`:F9wd^Of" intask="true"><field name="OP">GTE</field><value name="A"><block type="variables_get" id="=BejkQ(oiYnYWxyb{E2-" intask="true"><mutation datatype="Number"></mutation><field name="VAR">wert</field></block></value><value name="B"><block type="math_number" id="CNX/ffa)LRbE)D97[LEr" intask="true"><field name="NUM">600</field></block></value></block></value><statement name="DO0"><block type="mbedActions_display_image" id="xaO]ktg0fs#odc8_Mp9Y" intask="true"><mutation type="IMAGE"></mutation><field name="TYPE">IMAGE</field><value name="VALUE"><block type="mbedImage_get_image" id="6Z+3sAnY;Y*LgdS.br4H" intask="true"><field name="IMAGE">SAD</field></block></value></block></statement><value name="IF1"><block type="logic_compare" id="(4d-DJd3URZa;xd/=h~-" intask="true"><field name="OP">GTE</field><value name="A"><block type="variables_get" id="T.CNr?=*C*x]leB{b6R-" intask="true"><mutation datatype="Number"></mutation><field name="VAR">wert</field></block></value><value name="B"><block type="math_number" id="ich=_zOPr3v*4OnJUr3I" intask="true"><field name="NUM">300</field></block></value></block></value><statement name="DO1"><block type="mbedActions_display_image" id="/feG.kl=2Weul{R/gy2u" intask="true"><mutation type="IMAGE"></mutation><field name="TYPE">IMAGE</field><value name="VALUE"><block type="mbedImage_get_image" id="qMf+HyG*ZxJJG|J~rcJf" intask="true"><field name="IMAGE">ASLEEP</field></block></value></block></statement><value name="IF2"><block type="logic_compare" id="Guly:q4O+_W]mJ(!=z%Q" intask="true"><field name="OP">LTE</field><value name="A"><block type="variables_get" id="Mh!~aN{a9(hg(lHEw5@d" intask="true"><mutation datatype="Number"></mutation><field name="VAR">wert</field></block></value><value name="B"><block type="math_number" id="75w8Gu:kHBXkS@E.Gi#h" intask="true"><field name="NUM">300</field></block></value></block></value><statement name="DO2"><block type="mbedActions_display_image" id="Uwuh_rz^d%jtr-X;,@zQ" intask="true"><mutation type="IMAGE"></mutation><field name="TYPE">IMAGE</field><value name="VALUE"><block type="mbedImage_get_image" id="atqA^*G2QMZZ%azIOv`I" intask="true"><field name="IMAGE">HAPPY</field></block></value></block></statement></repetitions></block></statement></block></instance></block_set></program><config><block_set robottype="calliope" xmlversion="3.1" description="" tags="" xmlns="http://de.fhg.iais.roberta.blockly"><instance x="218" y="320"><block type="robConf_key" id="Kbp:=x@gw@n.b~NH|1|e" intask="true" deletable="false"><field name="NAME">A</field><field name="PIN1">A</field></block></instance><instance x="218" y="170"><block type="robConf_key" id="~wk*JZQvB.fj=I`N#NWp" intask="true" deletable="false"><field name="NAME">B</field><field name="PIN1">B</field></block></instance><instance x="332" y="318"><block type="robConf_accelerometer" id="#(ufvG,s^FcqI,aFn/A{" intask="true" deletable="false"><field name="NAME">_A</field></block></instance><instance x="218" y="500"><block type="robConf_buzzer" id="}%d2_68IJd*7Oy{qrMR," intask="true" deletable="false"><field name="NAME">_B</field></block></instance><instance x="332" y="289"><block type="robConf_compass" id="O%Oi0Tq`hGEvrgHGPYY=" intask="true" deletable="false"><field name="NAME">_C</field></block></instance><instance x="332" y="261"><block type="robConf_gyro" id="lIT?C5y|(7FWCQIUn~pc" intask="true" deletable="false"><field name="NAME">_G</field></block></instance><instance x="449" y="240"><block type="robConf_light" id="9Ktt(7_4+XmKC0]5Zha?" intask="true" deletable="false"><field name="NAME">_L</field></block></instance><instance x="624" y="170"><block type="robConf_analogout" id="A1" inline="false" intask="true"><field name="NAME">A1</field><field name="PIN1">5</field></block></instance><instance x="1035" y="158"><block type="robConf_analogout" id="RMusV0uOBHU#~}yu6|:T" intask="true"><field name="NAME">S</field><field name="PIN1">C16</field></block></instance><instance x="218" y="472"><block type="robConf_rgbled" id="lgi%C3,J!smR:eP0aal_" intask="true" deletable="false"><field name="NAME">_R</field></block></instance><instance x="449" y="212"><block type="robConf_sound" id="e:4V0FcDx%9,.7xO,Ns@" intask="true" deletable="false"><field name="NAME">_S</field></block></instance><instance x="332" y="428"><block type="robConf_temperature" id="0y].dnS)P)~Jjzeu3/0C" intask="true" deletable="false"><field name="NAME">_T</field></block></instance></block_set></config></export>