<export xmlns="http://de.fhg.iais.roberta.blockly"><program><block_set xmlns="http://de.fhg.iais.roberta.blockly" robottype="calliope" xmlversion="3.1" description="Alarmanlage V1&lt;div&gt;&lt;br&gt;&lt;/div&gt;&lt;div&gt;Der Calliope wird mit der X-Achse (in Reihe mit dem USB-Anschluss) auf der Türklinke befestigt.&lt;/div&gt;&lt;div&gt;Nach dem Einschalten leuchtet die gelbe LED. Wird die Türklinke betätigt und der Calliope neigt sich &amp;gt; 15° schaltet die LED für 1sec auf rot und ein Warnsignal ertönt. Danach schaltet die LED auf grün und zeigt an, dass ein Alarm ausgelöst wurde.&lt;/div&gt;" tags=""><instance x="374" y="83"><block type="robControls_start" id="!CY_4f~cvgfLJbgSJ(UJ" intask="true" deletable="false"><mutation declare="false"></mutation><field name="DEBUG"></field></block><block type="mbedActions_leds_on" id="z+@Ukp4ERb!x[/TT%LoY" intask="true"><field name="ACTORPORT">_R</field><hide name="ACTORPORT" value="_R"></hide><value name="COLOR"><block type="mbedColour_picker" id=".zFTV:NN[!cc7FbAw;ox" intask="true"><field name="COLOUR">#ffff00</field></block></value></block><block type="robControls_loopForever" id="Qql;|%a9[(W~rc[;PZ_:" intask="true"><statement name="DO"><block type="robControls_if" id="XLo*X}!{X~`JAO-::YSr" intask="true"><value name="IF0"><block type="logic_compare" id="6G4hcHUl6V_WLJxmx5uc" intask="true"><field name="OP">GT</field><value name="A"><block type="robSensors_gyro_getSample" id="j.=1^S^D7@]|qoc8c07/" intask="true"><mutation mode="ANGLE"></mutation><field name="MODE">ANGLE</field><field name="SLOT">X</field><field name="SENSORPORT">_G</field><hide name="SENSORPORT" value="_G"></hide></block></value><value name="B"><block type="math_number" id="iq)P(Umpx7n6Wg7m`U{Q" intask="true"><field name="NUM">15</field></block></value></block></value><statement name="DO0"><block type="mbedActions_leds_on" id="8?Inu/^^lIVZ/L2_^*SA" intask="true"><field name="ACTORPORT">_R</field><hide name="ACTORPORT" value="_R"></hide><value name="COLOR"><block type="mbedColour_picker" id="+G2pyIDRbBLW@rf*c,ZJ" intask="true"><field name="COLOUR">#ff0000</field></block></value></block><block type="mbedActions_play_note" id="Z?@^rLnf%C:P2oy8SjZ?" intask="true"><field name="DURATION">2000</field><field name="FREQUENCE">261.626</field><field name="ACTORPORT">_B</field><hide name="ACTORPORT" value="_B"></hide></block><block type="robControls_wait_time" id="EANOu7KOrTIlMG*6qNXQ" intask="true"><value name="WAIT"><block type="math_number" id="qOu4b7d+WP|g-2EiX!*|" intask="true"><field name="NUM">1000</field></block></value></block><block type="mbedActions_leds_on" id="}W=Wa!~vWQOkwXPl8#@}" intask="true"><field name="ACTORPORT">_R</field><hide name="ACTORPORT" value="_R"></hide><value name="COLOR"><block type="mbedColour_picker" id="5~/.prl9Yq_y@|3],o)G" intask="true"><field name="COLOUR">#009900</field></block></value></block></statement></block></statement></block></instance></block_set></program><config><block_set robottype="calliope" xmlversion="3.1" description="" tags="" xmlns="http://de.fhg.iais.roberta.blockly"><instance x="269" y="213"><block type="robConf_key" id="Kbp:=x@gw@n.b~NH|1|e" intask="true" deletable="false"><field name="NAME">A</field><field name="PIN1">A</field></block></instance><instance x="400" y="373"><block type="robConf_accelerometer" id="#(ufvG,s^FcqI,aFn/A{" intask="true" deletable="false"><field name="NAME">_A</field></block></instance><instance x="269" y="277"><block type="robConf_key" id="~wk*JZQvB.fj=I`N#NWp" intask="true" deletable="false"><field name="NAME">B</field><field name="PIN1">B</field></block></instance><instance x="624" y="251"><block type="robConf_rgbled" id="lgi%C3,J!smR:eP0aal_" intask="true" deletable="false"><field name="NAME">_R</field><field name="PIN1">0</field></block></instance><instance x="624" y="213"><block type="robConf_buzzer" id="}%d2_68IJd*7Oy{qrMR," intask="true" deletable="false"><field name="NAME">_B</field></block></instance><instance x="400" y="297"><block type="robConf_compass" id="O%Oi0Tq`hGEvrgHGPYY=" intask="true" deletable="false"><field name="NAME">_C</field></block></instance><instance x="400" y="410"><block type="robConf_sound" id="e:4V0FcDx%9,.7xO,Ns@" intask="true" deletable="false"><field name="NAME">_S</field></block></instance><instance x="400" y="255"><block type="robConf_temperature" id="0y].dnS)P)~Jjzeu3/0C" intask="true" deletable="false"><field name="NAME">_T</field></block></instance><instance x="400" y="335"><block type="robConf_gyro" id="lIT?C5y|(7FWCQIUn~pc" intask="true" deletable="false"><field name="NAME">_G</field></block></instance><instance x="400" y="213"><block type="robConf_light" id="9Ktt(7_4+XmKC0]5Zha?" intask="true" deletable="false"><field name="NAME">_L</field></block></instance></block_set></config></export>