<export xmlns="http://de.fhg.iais.roberta.blockly"><program><block_set xmlns="http://de.fhg.iais.roberta.blockly" robottype="calliope" xmlversion="3.1" description="" tags=""><instance x="384" y="50"><block type="robControls_start" id="_A.GW%hYDE3DU6%KMgm=" intask="true" deletable="false"><mutation declare="false"></mutation><field name="DEBUG"></field></block><block type="robControls_loopForever" id="*Ap6|SW(LPAxq[=Seu1C" intask="true"><statement name="DO"><block type="robControls_if" id="fY(XA(T[=(Lu]!OSE70x" intask="true"><mutation elseif="1"></mutation><repetitions><value name="IF0"><block type="logic_compare" id="?Pyz{m]PMJ~spu9.8}`J" intask="true"><field name="OP">LTE</field><value name="A"><block type="robSensors_light_getSample" id="A|2*6ZvD+jTxr:7-Rfga" intask="true"><mutation mode="VALUE"></mutation><field name="MODE">VALUE</field><field name="SLOT"></field><field name="SENSORPORT">_L</field><hide name="SENSORPORT" value="_L"></hide></block></value><value name="B"><block type="math_number" id="t70D7^);MN91(cETqxKD" intask="true"><field name="NUM">30</field></block></value></block></value><statement name="DO0"><block type="mbedActions_motor_on" id="Ux4I;%@syh]v,OB2^.lC" intask="true"><field name="MOTORPORT">M5</field><value name="POWER"><block type="math_number" id="9J;I4J-cU5Hcv!OCrI{{" intask="true"><field name="NUM">30</field></block></value></block><block type="mbedActions_display_text" id="Dr[kTD4lxaJKd`jTU7|;" intask="true"><field name="TYPE">TEXT</field><value name="OUT"><block type="text" id="anbUqZN-*[7^@3Y]C)z`" intask="true"><field name="TEXT">1</field></block></value></block></statement><statement name="DO1"><block type="mbedActions_motor_on" id="Yd:8BsP4PN?0yFl?d9Ew" intask="true"><field name="MOTORPORT">M5</field><value name="POWER"><block type="math_number" id="|c-4MtpywgEr)i.%~,e," intask="true"><field name="NUM">10</field></block></value></block><block type="mbedActions_display_text" id=",77])!.=!tJ32wQ/-*k(" intask="true"><field name="TYPE">TEXT</field><value name="OUT"><block type="text" id="yOtL4C?F0[GUwS/tnk.;" intask="true"><field name="TEXT">2</field></block></value></block></statement></repetitions></block></statement></block></instance></block_set></program><config><block_set robottype="calliope" xmlversion="3.1" description="" tags="" xmlns="http://de.fhg.iais.roberta.blockly"><instance x="269" y="213"><block type="robConf_key" id="Kbp:=x@gw@n.b~NH|1|e" intask="true" deletable="false"><field name="NAME">A</field><field name="PIN1">A</field></block></instance><instance x="400" y="373"><block type="robConf_accelerometer" id="#(ufvG,s^FcqI,aFn/A{" intask="true" deletable="false"><field name="NAME">_A</field></block></instance><instance x="269" y="277"><block type="robConf_key" id="~wk*JZQvB.fj=I`N#NWp" intask="true" deletable="false"><field name="NAME">B</field><field name="PIN1">B</field></block></instance><instance x="624" y="213"><block type="robConf_buzzer" id="}%d2_68IJd*7Oy{qrMR," intask="true" deletable="false"><field name="NAME">_B</field></block></instance><instance x="400" y="297"><block type="robConf_compass" id="O%Oi0Tq`hGEvrgHGPYY=" intask="true" deletable="false"><field name="NAME">_C</field></block></instance><instance x="400" y="335"><block type="robConf_gyro" id="lIT?C5y|(7FWCQIUn~pc" intask="true" deletable="false"><field name="NAME">_G</field></block></instance><instance x="268" y="34"><block type="robConf_motor" id=",%]`{Zw!p{NF|:iVh;_H" intask="true"><field name="NAME">M5</field><field name="PIN1">A</field></block></instance><instance x="409" y="122"><block type="robConf_light" id="9Ktt(7_4+XmKC0]5Zha?" intask="true" deletable="false"><field name="NAME">_L</field></block></instance><instance x="302" y="475"><block type="robConf_callibot" id="as-+MC;[+:8?O2NyOW*1" intask="true"><field name="NAME">C2</field><field name="MOTOR_L">M3</field><field name="MOTOR_R">M4</field><field name="RGBLED_LF">R2</field><field name="RGBLED_RF">R3</field><field name="RGBLED_LR">R4</field><field name="RGBLED_RR">R5</field><field name="RGBLED_A">R6</field><field name="LED_L">L2</field><field name="LED_R">L3</field><field name="LED_B">L4</field><field name="INFRARED_L">I</field><field name="INFRARED_R">I2</field><field name="ULTRASONIC">U</field><field name="SERVO_S1">S</field><field name="SERVO_S2">S5</field></block></instance><instance x="624" y="251"><block type="robConf_rgbled" id="lgi%C3,J!smR:eP0aal_" intask="true" deletable="false"><field name="NAME">_R</field><field name="PIN1">0</field></block></instance><instance x="400" y="410"><block type="robConf_sound" id="e:4V0FcDx%9,.7xO,Ns@" intask="true" deletable="false"><field name="NAME">_S</field></block></instance><instance x="400" y="255"><block type="robConf_temperature" id="0y].dnS)P)~Jjzeu3/0C" intask="true" deletable="false"><field name="NAME">_T</field></block></instance></block_set></config></export>