<export xmlns="http://de.fhg.iais.roberta.blockly"><program><block_set xmlns="http://de.fhg.iais.roberta.blockly" robottype="calliope" xmlversion="3.1" description="" tags=""><instance x="436" y="130"><block type="robControls_start" id="R:mU;hx{s1uate39`y(w" intask="true" deletable="false"><mutation declare="true"></mutation><field name="DEBUG"></field><statement name="ST"><block type="robGlobalVariables_declare" id="g-=6HpO!zWOkvM=8rxm9" intask="true" deletable="false" movable="false"><mutation next="false" declaration_type="Boolean"></mutation><field name="VAR">LED</field><field name="TYPE">Boolean</field><value name="VALUE"><block type="logic_boolean" id="n8C]#By/y_[;pP4)0.:w" intask="true"><field name="BOOL">FALSE</field></block></value></block></statement></block><block type="robControls_loopForever" id="_`t(?70t{kh1J0_!mXma" intask="true"><statement name="DO"><block type="robControls_if" id="oPDNQoM-PgQj]`Y0`wD`" intask="true"><value name="IF0"><block type="logic_operation" id="XkJZipglikit8|si@Nw," intask="true"><field name="OP">AND</field><value name="A"><block type="robSensors_key_getSample" id="#a!^f`kKCpw@q#L-Fbj3" intask="true"><mutation mode="PRESSED"></mutation><field name="MODE">PRESSED</field><field name="SENSORPORT">A</field><field name="SLOT"></field></block></value><value name="B"><block type="logic_compare" id="z3FtlWu%K#,6/9#(]RJD" intask="true"><field name="OP">EQ</field><value name="A"><block type="variables_get" id="JI@u@#FFlWIJm_b{A^yR" intask="true"><mutation datatype="Boolean"></mutation><field name="VAR">LED</field></block></value><value name="B"><block type="logic_boolean" id="wi74Ek3M-Mfv!4EM4=O)" intask="true"><field name="BOOL">FALSE</field></block></value></block></value></block></value><statement name="DO0"><block type="mbedActions_leds_on" id="|jK2y`(I,}z)07HmO~vv" intask="true"><field name="ACTORPORT">_R</field><hide name="ACTORPORT" value="_R"></hide><value name="COLOR"><block type="mbedColour_picker" id="uku(6VvFtH)]vp3Hf2j." intask="true"><field name="COLOUR">#33cc00</field></block></value></block><block type="variables_set" id="ck32FQ@=po^b:Uf7/iV!" intask="true"><mutation datatype="Boolean"></mutation><field name="VAR">LED</field><value name="VALUE"><block type="logic_boolean" id="3Y0][dF3,R/Un?CcH8o%" intask="true"><field name="BOOL">TRUE</field></block></value></block><block type="robControls_wait_time" id="l.lQ)7bu{0lq8_h2?Yq9" intask="true"><value name="WAIT"><block type="math_number" id="%y.s0kX,hH)Qm%E66Km_" intask="true"><field name="NUM">300</field></block></value></block></statement></block><block type="robControls_if" id="+JjO|vAcK/]6nc9{x[Th" intask="true"><value name="IF0"><block type="logic_operation" id="7/!iN);M-9)M~MW(usn_" intask="true"><field name="OP">AND</field><value name="A"><block type="robSensors_key_getSample" id="H,nrRCcCBbyX}@HR%8ZE" intask="true"><mutation mode="PRESSED"></mutation><field name="MODE">PRESSED</field><field name="SENSORPORT">A</field><field name="SLOT"></field></block></value><value name="B"><block type="logic_compare" id="Q/EEKoi.ikC-u~dhwSTM" intask="true"><field name="OP">EQ</field><value name="A"><block type="variables_get" id=")R`of..Q2wZq?68Ib(_`" intask="true"><mutation datatype="Boolean"></mutation><field name="VAR">LED</field></block></value><value name="B"><block type="logic_boolean" id="[#Z=m=]R[ZhCsWBxvdBL" intask="true"><field name="BOOL">TRUE</field></block></value></block></value></block></value><statement name="DO0"><block type="mbedActions_leds_on" id="OE1)1T??olTTviajl3Td" intask="true"><field name="ACTORPORT">_R</field><hide name="ACTORPORT" value="_R"></hide><value name="COLOR"><block type="mbedColour_picker" id="*VIFI5`*s)mSn%|WDnFy" intask="true"><field name="COLOUR">#ffffff</field></block></value></block><block type="variables_set" id="4TodTxf-hL[n2Q^[w^kG" intask="true"><mutation datatype="Boolean"></mutation><field name="VAR">LED</field><value name="VALUE"><block type="logic_boolean" id="#4o-{VGpSjy+EG6,Th{5" intask="true"><field name="BOOL">FALSE</field></block></value></block><block type="robControls_wait_time" id="#0a=qV4Y;P,[-I^ZTPM;" intask="true"><value name="WAIT"><block type="math_number" id="IAhV6T`xB*6U4#H^;8tC" intask="true"><field name="NUM">300</field></block></value></block></statement></block></statement></block></instance></block_set></program><config><block_set robottype="calliope" xmlversion="3.1" description="" tags="" xmlns="http://de.fhg.iais.roberta.blockly"><instance x="-34" y="270"><block type="robConf_key" id="Kbp:=x@gw@n.b~NH|1|e" intask="true" deletable="false"><field name="NAME">A</field><field name="PIN1">A</field></block></instance><instance x="-34" y="120"><block type="robConf_key" id="~wk*JZQvB.fj=I`N#NWp" intask="true" deletable="false"><field name="NAME">B</field><field name="PIN1">B</field></block></instance><instance x="80" y="268"><block type="robConf_accelerometer" id="#(ufvG,s^FcqI,aFn/A{" intask="true" deletable="false"><field name="NAME">_A</field></block></instance><instance x="-34" y="450"><block type="robConf_buzzer" id="}%d2_68IJd*7Oy{qrMR," intask="true" deletable="false"><field name="NAME">_B</field></block></instance><instance x="-34" y="422"><block type="robConf_rgbled" id="lgi%C3,J!smR:eP0aal_" intask="true" deletable="false"><field name="NAME">_R</field></block></instance><instance x="80" y="239"><block type="robConf_compass" id="O%Oi0Tq`hGEvrgHGPYY=" intask="true" deletable="false"><field name="NAME">_C</field></block></instance><instance x="197" y="162"><block type="robConf_sound" id="e:4V0FcDx%9,.7xO,Ns@" intask="true" deletable="false"><field name="NAME">_S</field></block></instance><instance x="80" y="378"><block type="robConf_temperature" id="0y].dnS)P)~Jjzeu3/0C" intask="true" deletable="false"><field name="NAME">_T</field></block></instance><instance x="80" y="211"><block type="robConf_gyro" id="lIT?C5y|(7FWCQIUn~pc" intask="true" deletable="false"><field name="NAME">_G</field></block></instance><instance x="197" y="190"><block type="robConf_light" id="9Ktt(7_4+XmKC0]5Zha?" intask="true" deletable="false"><field name="NAME">_L</field></block></instance></block_set></config></export>