<export xmlns="http://de.fhg.iais.roberta.blockly"><program><block_set xmlns="http://de.fhg.iais.roberta.blockly" robottype="calliope" xmlversion="3.1" description="Spardose mit Alarmmodus&lt;div&gt;Gebaut werden soll eine selbstzählende Spardose, die Alarm gibt, sobald sie geöffnet oder bewegt wird. Dafür messen die Teilnehmenden zunächst den Durchmesser von 20- und 50- Cent-Stücken sowie 1- und 2-Euro-Münzen aus und schneiden in den Deckel vier entsprechend große Einwurfschlitze.&amp;nbsp;&lt;/div&gt;&lt;div&gt;Beide Enden der Schlitze werden jeweils mit Aluminium oder Kupferband beklebt (ohne dass die beiden Enden des Aluminiums sich berühren!) und mit Krokodilklemmen an den Calliope mini angeschlossen.&amp;nbsp;&lt;/div&gt;&lt;div&gt;Beim Einwurf der jeweiligen Münze wird ein Stromkreis geschlossen und der Calliope mini zählt den Wert der Münze zum Gesamtbetrag. Mit Taste A wird das Sparguthaben angezeigt, mit Taste B wird der Betrag gelöscht.&amp;nbsp;&lt;/div&gt;&lt;div&gt;Die Alarmanlage reagiert auf Bewegung, Licht und Geräusche.&lt;/div&gt;&lt;div&gt;Die eingebauten Warteschleifen verhindern, dass bei langsamem Einwerfen der Münze der Stromkreis länger geschlossen bleibt und die Münze mehrfach gezählt wird.&lt;/div&gt;&lt;div&gt;&lt;br&gt;&lt;/div&gt;&lt;div&gt;P0 zählt 20Cent-Münzen &lt;/div&gt;&lt;div&gt;P1 zählt 50Cent-Münzen &lt;/div&gt;&lt;div&gt;P2 zählt 1 Euro-Münzen &lt;/div&gt;&lt;div&gt;P3 zählt 2 Euro-Münzen &lt;/div&gt;&lt;div&gt;Die Taste A gibt die Summe der eingeworfenen Münzen aus. Die Taste B löscht die Summe. &lt;/div&gt;&lt;div&gt;Die Alarmfunktion der Spardose reagiert auf Bewegung, Licht und Geräusche. &lt;/div&gt;&lt;div&gt;&lt;br&gt;&lt;/div&gt;&lt;div&gt;&lt;br&gt;&lt;/div&gt;&lt;div&gt;Die Programmierung könnte wie folgt ausgebaut werden:&lt;/div&gt;&lt;div&gt;• Entnahme von Teilbeträgen berücksichtigen&lt;/div&gt;&lt;div&gt;• externer Abruf des aktuellen Kontostandes anhand eines weiteren Calliope mini und der Nachrichtenfunktion&lt;/div&gt;&lt;div&gt;• Aktivierung der Alarmanlage nach Zeitfenstern mit Hilfe des Zeitgebers&lt;/div&gt;" tags=""><instance x="421" y="-186"><block type="robControls_start" id="c^:UYX:7CR95vMS(JbmT" intask="true" deletable="false"><mutation declare="true"></mutation><field name="DEBUG"></field><statement name="ST"><block type="robGlobalVariables_declare" id=":ACCgu#*~;V`NDx^*WG|" intask="true" deletable="false" movable="false"><mutation next="false" declaration_type="Number"></mutation><field name="VAR">Geld</field><field name="TYPE">Number</field><value name="VALUE"><block type="math_number" id="R5@*n~ERR]C4kUyD%}7g" intask="true"><field name="NUM">0</field></block></value></block></statement></block><block type="robControls_loopForever" id="rL-0nW3iX./_I1X]6,D+" intask="true"><statement name="DO"><block type="robControls_if" id="?h5UZD8H6ICtrt,JBPKB" intask="true"><value name="IF0"><block type="robSensors_pintouch_getSample" id="hj/BSVw9xLOm(:w~Jp^7" intask="true"><mutation mode="PRESSED"></mutation><field name="MODE">PRESSED</field><field name="SENSORPORT">0</field><field name="SLOT"></field></block></value><statement name="DO0"><block type="robControls_wait_for" id="x^w#-28[b*(Z}49,xIRi" intask="true"><value name="WAIT0"><block type="logic_compare" id="sz,,u]OzUeBD)Rpn`.T_" intask="true"><field name="OP">EQ</field><value name="A"><block type="robSensors_pintouch_getSample" id="Fo}zz[r)=/;2k9~x,kWL" intask="true"><mutation mode="PRESSED"></mutation><field name="MODE">PRESSED</field><field name="SENSORPORT">0</field><field name="SLOT"></field></block></value><value name="B"><block type="logic_boolean" id="Nz~j`|?d=gX1o-fxIcx." intask="true"><field name="BOOL">FALSE</field></block></value></block></value></block><block type="variables_set" id="yp]t3vf{{U2LtnEF{v=*" intask="true"><mutation datatype="Number"></mutation><field name="VAR">Geld</field><value name="VALUE"><block type="math_arithmetic" id="8n}6m#[PdAI~,bmUj[t+" intask="true"><field name="OP">ADD</field><value name="A"><block type="variables_get" id="qRLh8%W-l},hZA8X}/SZ" intask="true"><mutation datatype="Number"></mutation><field name="VAR">Geld</field></block></value><value name="B"><block type="math_number" id="6::eAHZzl`|?h0uv.T9p" intask="true"><field name="NUM">0.2</field></block></value></block></value></block><block type="mbedActions_play_note" id="|P4vV.L_KYLu[JmJLduU" intask="true"><field name="DURATION">250</field><field name="FREQUENCE">261.626</field><field name="ACTORPORT">_B</field><hide name="ACTORPORT" value="_B"></hide></block></statement></block><block type="robControls_if" id="BY#4E[0C;==GCVEMh7Fa" intask="true"><value name="IF0"><block type="robSensors_pintouch_getSample" id="jV4YKBRl@NVgzvYwjVM6" intask="true"><mutation mode="PRESSED"></mutation><field name="MODE">PRESSED</field><field name="SENSORPORT">1</field><field name="SLOT"></field></block></value><statement name="DO0"><block type="robControls_wait_for" id="4^(hDGdbm2_k64T_Hm-^" intask="true"><value name="WAIT0"><block type="logic_compare" id="Xa`![Ao?D#ncK;@H(tW6" intask="true"><field name="OP">EQ</field><value name="A"><block type="robSensors_pintouch_getSample" id="2OXZ7;raIWiHrRF%K6|{" intask="true"><mutation mode="PRESSED"></mutation><field name="MODE">PRESSED</field><field name="SENSORPORT">1</field><field name="SLOT"></field></block></value><value name="B"><block type="logic_boolean" id="iLu{ssQ2:=C(45CtuO2p" intask="true"><field name="BOOL">FALSE</field></block></value></block></value></block><block type="variables_set" id="~]HDnA.go%Yb-[a5~O%J" intask="true"><mutation datatype="Number"></mutation><field name="VAR">Geld</field><value name="VALUE"><block type="math_arithmetic" id="U_lh%A:(U0{6VX[OeJtz" intask="true"><field name="OP">ADD</field><value name="A"><block type="variables_get" id="W89h~no`uKk4mJ5bIg8v" intask="true"><mutation datatype="Number"></mutation><field name="VAR">Geld</field></block></value><value name="B"><block type="math_number" id="1,uG@94k?3ZW2ev?Ob5Q" intask="true"><field name="NUM">0.5</field></block></value></block></value></block><block type="mbedActions_play_note" id="TJniW_0O`cN=8i,ayIDx" intask="true"><field name="DURATION">250</field><field name="FREQUENCE">261.626</field><field name="ACTORPORT">_B</field><hide name="ACTORPORT" value="_B"></hide></block></statement></block><block type="robControls_if" id="5/%{;OnHHbgh0)ESn?XT" intask="true"><value name="IF0"><block type="robSensors_pintouch_getSample" id="nYVKSS*oaDV#.yWzzCTX" intask="true"><mutation mode="PRESSED"></mutation><field name="MODE">PRESSED</field><field name="SENSORPORT">2</field><field name="SLOT"></field></block></value><statement name="DO0"><block type="robControls_wait_for" id="MpXSdc9KVf=%rN:AvZBy" intask="true"><value name="WAIT0"><block type="logic_compare" id="Z{t1;Q+-7ju*}|MUYc-P" intask="true"><field name="OP">EQ</field><value name="A"><block type="robSensors_pintouch_getSample" id="=p!O`SF{{}!|pHhVL@T8" intask="true"><mutation mode="PRESSED"></mutation><field name="MODE">PRESSED</field><field name="SENSORPORT">2</field><field name="SLOT"></field></block></value><value name="B"><block type="logic_boolean" id="5(W1UTuyN)/:s:zSc?!z" intask="true"><field name="BOOL">FALSE</field></block></value></block></value></block><block type="variables_set" id="XW11C#*+::%?{f?#{a{w" intask="true"><mutation datatype="Number"></mutation><field name="VAR">Geld</field><value name="VALUE"><block type="math_arithmetic" id="SuFz,#y{k1w!o~YJ#m2C" intask="true"><field name="OP">ADD</field><value name="A"><block type="variables_get" id=",@KoMLR`{TcWCwghGLe2" intask="true"><mutation datatype="Number"></mutation><field name="VAR">Geld</field></block></value><value name="B"><block type="math_number" id="wUI+1yW~F^5aOGnn7M,b" intask="true"><field name="NUM">1</field></block></value></block></value></block><block type="mbedActions_play_note" id="WGra`BqNrf^eC8j?bI,M" intask="true"><field name="DURATION">250</field><field name="FREQUENCE">261.626</field><field name="ACTORPORT">_B</field><hide name="ACTORPORT" value="_B"></hide></block></statement></block><block type="robControls_if" id="5G?[SJ7(a+5?!%,N8g5~" intask="true"><value name="IF0"><block type="robSensors_pintouch_getSample" id="E|T@xLzd!OVo373Ba(bF" intask="true"><mutation mode="PRESSED"></mutation><field name="MODE">PRESSED</field><field name="SENSORPORT">3</field><field name="SLOT"></field></block></value><statement name="DO0"><block type="robControls_wait_for" id="N[!pD[5I:*WIa0?~t=_:" intask="true"><value name="WAIT0"><block type="logic_compare" id="wO4!3,|rAnevb!TyA8.|" intask="true"><field name="OP">EQ</field><value name="A"><block type="robSensors_pintouch_getSample" id="Uo;mR;/D)F~[mA2dYr}8" intask="true"><mutation mode="PRESSED"></mutation><field name="MODE">PRESSED</field><field name="SENSORPORT">3</field><field name="SLOT"></field></block></value><value name="B"><block type="logic_boolean" id="BJTIIKGEzqjr@E^x@NB6" intask="true"><field name="BOOL">FALSE</field></block></value></block></value></block><block type="variables_set" id="plZLCp,yBf|yXLB`F9A-" intask="true"><mutation datatype="Number"></mutation><field name="VAR">Geld</field><value name="VALUE"><block type="math_arithmetic" id="5juzpYEy,LuFeb`P|oeI" intask="true"><field name="OP">ADD</field><value name="A"><block type="variables_get" id="tsD%Ny/%L0Y@tf(?f%-O" intask="true"><mutation datatype="Number"></mutation><field name="VAR">Geld</field></block></value><value name="B"><block type="math_number" id="8Aa0|w^~:3d%:i||?0pj" intask="true"><field name="NUM">2</field></block></value></block></value></block><block type="mbedActions_play_note" id="}}f~c5V=veSa#_|~~hS(" intask="true"><field name="DURATION">250</field><field name="FREQUENCE">261.626</field><field name="ACTORPORT">_B</field><hide name="ACTORPORT" value="_B"></hide></block></statement></block><block type="robControls_if" id="2BVKxoq-`,zT_/0C]_A?" intask="true"><value name="IF0"><block type="robSensors_key_getSample" id="8#LivS%z)/Oibk7%X?(q" intask="true"><mutation mode="PRESSED"></mutation><field name="MODE">PRESSED</field><field name="SENSORPORT">A</field><field name="SLOT"></field></block></value><statement name="DO0"><block type="mbedActions_display_text" id=";oSYF{,aBATN)(SS@2aX" intask="true"><field name="TYPE">TEXT</field><value name="OUT"><block type="variables_get" id="ly/@~Wtt0T@,.S.EQZ3-" intask="true"><mutation datatype="Number"></mutation><field name="VAR">Geld</field></block></value></block><block type="mbedActions_display_text" id="|xDw*(Xf|Q`tC?f{-Y}d" intask="true"><field name="TYPE">TEXT</field><value name="OUT"><block type="text" id="BKt/o=HitJD9@znN%:#b" intask="true"><field name="TEXT">EUR</field></block></value></block></statement></block><block type="robControls_if" id="fR]kd]KxzZu;CaJ_^sPb" intask="true"><value name="IF0"><block type="robSensors_key_getSample" id="6|~vPNa[sX,#P_0oEyZ8" intask="true"><mutation mode="PRESSED"></mutation><field name="MODE">PRESSED</field><field name="SENSORPORT">B</field><field name="SLOT"></field></block></value><statement name="DO0"><block type="variables_set" id="%s.|I@D0gTApaR7rJll}" intask="true"><mutation datatype="Number"></mutation><field name="VAR">Geld</field><value name="VALUE"><block type="math_arithmetic" id="s=;[3Kk!eI~CRV(HRXnS" intask="true"><field name="OP">MINUS</field><value name="A"><block type="variables_get" id="i9:Xu)5D11RNRq`3@s:_" intask="true"><mutation datatype="Number"></mutation><field name="VAR">Geld</field></block></value><value name="B"><block type="variables_get" id="f*iLa`C:O_1W+jIj,`Yr" intask="true"><mutation datatype="Number"></mutation><field name="VAR">Geld</field></block></value></block></value></block></statement></block><block type="robControls_if" id="pEINYMN%)0sLJS8Oo#:X" intask="true"><value name="IF0"><block type="robSensors_gesture_getSample" id="#:I)e-sy/i~21BhFu8OI" intask="true"><mutation mode="SHAKE"></mutation><field name="MODE">SHAKE</field><field name="SENSORPORT"></field><field name="SLOT"></field></block></value><statement name="DO0"><block type="controls_repeat_ext" id="ROd)JCGE%qc2OCO7D(EG" intask="true"><value name="TIMES"><block type="math_number" id="Tqg?3Bv!(XfyEfX=MF#]" intask="true"><field name="NUM">10</field></block></value><statement name="DO"><block type="mbedActions_leds_on" id="G(-haDip5/|hI]akw?g[" intask="true"><field name="ACTORPORT">_R</field><hide name="ACTORPORT" value="_R"></hide><value name="COLOR"><block type="mbedColour_picker" id="AyRhkpth|H,|).9;7j)`" intask="true"><field name="COLOUR">#ff0000</field></block></value></block><block type="robControls_wait_time" id="ztZD,DF?u-pV]j6:u)vr" intask="true"><value name="WAIT"><block type="math_number" id="W51DEa5`d|[!9bJQ+B-[" intask="true"><field name="NUM">200</field></block></value></block><block type="mbedActions_play_note" id="Uc_-=u#pIUQ{zpp~#OY+" intask="true"><field name="DURATION">125</field><field name="FREQUENCE">261.626</field><field name="ACTORPORT">_B</field><hide name="ACTORPORT" value="_B"></hide></block><block type="mbedActions_leds_off" id="`b^AH8naRD=Fsn8O@=12" intask="true"><field name="ACTORPORT">_R</field><hide name="ACTORPORT" value="_R"></hide></block></statement></block></statement></block><block type="robControls_if" id="FQt,+DshDB^oF.8mo=^P" intask="true"><value name="IF0"><block type="logic_operation" id="`=CFF.}lF~n{fd2Szq^n" intask="true"><field name="OP">AND</field><value name="A"><block type="logic_compare" id="Dw.v(Bd[+PRfc;^o)@49" intask="true"><field name="OP">GTE</field><value name="A"><block type="robSensors_light_getSample" id="mS6N.6qmTy;T_*tzxOOz" intask="true"><mutation mode="VALUE"></mutation><field name="MODE">VALUE</field><field name="SLOT"></field><field name="SENSORPORT">_L</field><hide name="SENSORPORT" value="_L"></hide></block></value><value name="B"><block type="math_number" id="y3XQ=%z~n,1+Kl5nz%u{" intask="true"><field name="NUM">50</field></block></value></block></value><value name="B"><block type="logic_compare" id="]H0|bVYdWL#JoG|(=`iE" intask="true"><field name="OP">LTE</field><value name="A"><block type="robSensors_sound_getSample" id="-qB/|noT61,+x5o#_5(%" intask="true"><mutation mode="SOUND"></mutation><field name="MODE">SOUND</field><field name="SLOT"></field><field name="SENSORPORT">_S</field><hide name="SENSORPORT" value="_S"></hide></block></value><value name="B"><block type="math_number" id="qP3AN2UN_T1j^QA{e8wF" intask="true"><field name="NUM">60</field></block></value></block></value></block></value><statement name="DO0"><block type="mbedActions_leds_on" id=")j(z),~jkYUuUJ!9%.t)" intask="true"><field name="ACTORPORT">_R</field><hide name="ACTORPORT" value="_R"></hide><value name="COLOR"><block type="mbedColour_picker" id="Ze9XAuLG%{|@]fZ`QExZ" intask="true"><field name="COLOUR">#ff0000</field></block></value></block><block type="robControls_wait_time" id="IQ_T.~xmtW*0]B=W3ooY" intask="true"><value name="WAIT"><block type="math_number" id="{0ifJ(X[mbo@f`Wshu8o" intask="true"><field name="NUM">200</field></block></value></block><block type="mbedActions_play_note" id="f8Z{{INVl_@35xrqDyr%" intask="true"><field name="DURATION">125</field><field name="FREQUENCE">261.626</field><field name="ACTORPORT">_B</field><hide name="ACTORPORT" value="_B"></hide></block><block type="mbedActions_leds_off" id="L,gmFIiwCs39)a#9@YiS" intask="true"><field name="ACTORPORT">_R</field><hide name="ACTORPORT" value="_R"></hide></block></statement></block></statement></block></instance></block_set></program><config><block_set robottype="calliope" xmlversion="3.1" description="" tags="" xmlns="http://de.fhg.iais.roberta.blockly"><instance x="-34" y="270"><block type="robConf_key" id="Kbp:=x@gw@n.b~NH|1|e" intask="true" deletable="false"><field name="NAME">A</field><field name="PIN1">A</field></block></instance><instance x="-34" y="120"><block type="robConf_key" id="~wk*JZQvB.fj=I`N#NWp" intask="true" deletable="false"><field name="NAME">B</field><field name="PIN1">B</field></block></instance><instance x="80" y="268"><block type="robConf_accelerometer" id="#(ufvG,s^FcqI,aFn/A{" intask="true" deletable="false"><field name="NAME">_A</field></block></instance><instance x="-34" y="450"><block type="robConf_buzzer" id="}%d2_68IJd*7Oy{qrMR," intask="true" deletable="false"><field name="NAME">_B</field></block></instance><instance x="-34" y="422"><block type="robConf_rgbled" id="lgi%C3,J!smR:eP0aal_" intask="true" deletable="false"><field name="NAME">_R</field></block></instance><instance x="80" y="239"><block type="robConf_compass" id="O%Oi0Tq`hGEvrgHGPYY=" intask="true" deletable="false"><field name="NAME">_C</field></block></instance><instance x="197" y="162"><block type="robConf_sound" id="e:4V0FcDx%9,.7xO,Ns@" intask="true" deletable="false"><field name="NAME">_S</field></block></instance><instance x="80" y="378"><block type="robConf_temperature" id="0y].dnS)P)~Jjzeu3/0C" intask="true" deletable="false"><field name="NAME">_T</field></block></instance><instance x="80" y="211"><block type="robConf_gyro" id="lIT?C5y|(7FWCQIUn~pc" intask="true" deletable="false"><field name="NAME">_G</field></block></instance><instance x="197" y="190"><block type="robConf_light" id="9Ktt(7_4+XmKC0]5Zha?" intask="true" deletable="false"><field name="NAME">_L</field></block></instance></block_set></config></export>