<export xmlns="http://de.fhg.iais.roberta.blockly"><program><block_set xmlns="http://de.fhg.iais.roberta.blockly" robottype="calliope" xmlversion="3.1" description="" tags=""><instance x="399" y="126"><block type="robControls_start" id="NRos@KQv^XAQ55x.,B56" intask="true" deletable="false"><mutation declare="true"></mutation><field name="DEBUG"></field><statement name="ST"><block type="robGlobalVariables_declare" id="6kFY}K1l^:|5Y7Po74ZI" intask="true" deletable="false" movable="false"><mutation next="false" declaration_type="Number"></mutation><field name="VAR">Zaehler</field><field name="TYPE">Number</field><value name="VALUE"><block type="math_number" id="8rx;`9OijGb@uf4J!Rio" intask="true"><field name="NUM">0</field></block></value></block></statement></block><block type="robControls_loopForever" id="=^5x7Q+x,uRn`2hgPs]l" intask="true"><statement name="DO"><block type="robControls_if" id="Bo%7-kmb9|r?s=q?|4Vp" intask="true"><value name="IF0"><block type="robSensors_key_getSample" id="o4n*ohLA!H^3zjZmW:zE" intask="true"><mutation mode="PRESSED"></mutation><field name="MODE">PRESSED</field><field name="SENSORPORT">A</field><field name="SLOT"></field></block></value><statement name="DO0"><block type="mbedActions_display_setPixel" id="27IPGn:JcmbY;/%1[!w{" intask="true"><value name="X"><block type="math_modulo" id="GK3w3u?|~XScNWAhmsG#" intask="true"><value name="DIVIDEND"><block type="variables_get" id="2xPwx.=l![MQg#+eVP@." intask="true"><mutation datatype="Number"></mutation><field name="VAR">Zaehler</field></block></value><value name="DIVISOR"><block type="math_number" id="L*Z.{]yNec*fdQ9+pJEH" intask="true"><field name="NUM">5</field></block></value></block></value><value name="Y"><block type="math_round" id="y(j/N-_ycK7R%,W@_!0=" intask="true"><field name="OP">ROUNDDOWN</field><value name="NUM"><block type="math_arithmetic" id="oI{^QZP,BA!cq(Fj~B@@" intask="true"><field name="OP">DIVIDE</field><value name="A"><block type="variables_get" id="BgAHz}#a0:ZGu,c!HzWt" intask="true"><mutation datatype="Number"></mutation><field name="VAR">Zaehler</field></block></value><value name="B"><block type="math_number" id="db?3*D@12UN3(xcinx6^" intask="true"><field name="NUM">5</field></block></value></block></value></block></value><value name="BRIGHTNESS"><block type="math_number" id="_OK;m_dhZ1cJN0;v!C:#" intask="true"><field name="NUM">5</field></block></value></block><block type="robMath_change" id="L*?GH?[7zO}8*zbbH=/x" intask="true"><value name="VAR"><block type="variables_get" id="{_4cjdq)PAx(}]^E%!|G" intask="true"><mutation datatype="Number"></mutation><field name="VAR">Zaehler</field></block></value><value name="DELTA"><block type="math_number" id="CYX+6-UvcCLRCZfS8`/+" intask="true"><field name="NUM">1</field></block></value></block><block type="robControls_wait_time" id="|R9%%ar/f,t0CC89+r0i" intask="true"><value name="WAIT"><block type="math_number" id="g~(bH7iFL`([cPlV!zJk" intask="true"><field name="NUM">500</field></block></value></block></statement></block></statement></block></instance></block_set></program><config><block_set robottype="calliope" xmlversion="3.1" description="" tags="" xmlns="http://de.fhg.iais.roberta.blockly"><instance x="269" y="213"><block type="robConf_key" id="Kbp:=x@gw@n.b~NH|1|e" intask="true" deletable="false"><field name="NAME">A</field><field name="PIN1">A</field></block></instance><instance x="400" y="373"><block type="robConf_accelerometer" id="#(ufvG,s^FcqI,aFn/A{" intask="true" deletable="false"><field name="NAME">_A</field></block></instance><instance x="269" y="277"><block type="robConf_key" id="~wk*JZQvB.fj=I`N#NWp" intask="true" deletable="false"><field name="NAME">B</field><field name="PIN1">B</field></block></instance><instance x="624" y="251"><block type="robConf_rgbled" id="lgi%C3,J!smR:eP0aal_" intask="true" deletable="false"><field name="NAME">_R</field><field name="PIN1">0</field></block></instance><instance x="624" y="213"><block type="robConf_buzzer" id="}%d2_68IJd*7Oy{qrMR," intask="true" deletable="false"><field name="NAME">_B</field></block></instance><instance x="400" y="297"><block type="robConf_compass" id="O%Oi0Tq`hGEvrgHGPYY=" intask="true" deletable="false"><field name="NAME">_C</field></block></instance><instance x="400" y="410"><block type="robConf_sound" id="e:4V0FcDx%9,.7xO,Ns@" intask="true" deletable="false"><field name="NAME">_S</field></block></instance><instance x="400" y="255"><block type="robConf_temperature" id="0y].dnS)P)~Jjzeu3/0C" intask="true" deletable="false"><field name="NAME">_T</field></block></instance><instance x="400" y="335"><block type="robConf_gyro" id="lIT?C5y|(7FWCQIUn~pc" intask="true" deletable="false"><field name="NAME">_G</field></block></instance><instance x="400" y="213"><block type="robConf_light" id="9Ktt(7_4+XmKC0]5Zha?" intask="true" deletable="false"><field name="NAME">_L</field></block></instance></block_set></config></export>