<export xmlns="http://de.fhg.iais.roberta.blockly"><program><block_set xmlns="http://de.fhg.iais.roberta.blockly" robottype="calliope" xmlversion="3.1" description="" tags=""><instance x="586" y="19"><block type="robControls_start" id="NRos@KQv^XAQ55x.,B56" intask="true" deletable="false"><mutation declare="true"></mutation><field name="DEBUG"></field><statement name="ST"><block type="robGlobalVariables_declare" id="6kFY}K1l^:|5Y7Po74ZI" intask="true" deletable="false" movable="false"><mutation next="true" declaration_type="Number"></mutation><field name="VAR">Zaehler</field><field name="TYPE">Number</field><value name="VALUE"><block type="math_number" id="8rx;`9OijGb@uf4J!Rio" intask="true"><field name="NUM">25</field></block></value></block><block type="robGlobalVariables_declare" id="-FA`54CZ~QYbwalA/vhh" intask="true" deletable="false" movable="false"><mutation next="false" declaration_type="Number"></mutation><field name="VAR">i</field><field name="TYPE">Number</field><value name="VALUE"><block type="math_number" id="v@0%vjv%[gV(xz73}5ZI" intask="true"><field name="NUM">0</field></block></value></block></statement></block><block type="robControls_loopForever" id="=^5x7Q+x,uRn`2hgPs]l" intask="true"><statement name="DO"><block type="robControls_if" id="Bo%7-kmb9|r?s=q?|4Vp" intask="true"><value name="IF0"><block type="robSensors_key_getSample" id="o4n*ohLA!H^3zjZmW:zE" intask="true"><mutation mode="PRESSED"></mutation><field name="MODE">PRESSED</field><field name="SENSORPORT">A</field><field name="SLOT"></field></block></value><statement name="DO0"><block type="robControls_for" id="R{(NMt4AUxzK84D`lfCd" intask="true"><field name="VAR">j</field><value name="FROM"><block type="math_number" id="Yt.*|4EROJzx;dF;g%Hx" intask="true"><field name="NUM">0</field></block></value><value name="TO"><block type="math_number" id="t(Nd8]w}r0RiYf?luZl6" intask="true"><field name="NUM">25</field></block></value><value name="BY"><block type="math_number" id="+]en}c+-T)gN1v0rj[;X" intask="true"><field name="NUM">1</field></block></value><statement name="DO"><block type="mbedActions_display_setPixel" id="=U`|@tRl?Gt7fM*zI[%?" intask="true"><value name="X"><block type="math_modulo" id="nc[0}D^T`*tWi:hK=Cpq" intask="true"><value name="DIVIDEND"><block type="variables_get" id="#}CiK28AQ6d_1A3~J|NS" intask="true"><mutation datatype="Number"></mutation><field name="VAR">j</field></block></value><value name="DIVISOR"><block type="math_number" id="!nQK2PG9wJC(OWoAkIz1" intask="true"><field name="NUM">5</field></block></value></block></value><value name="Y"><block type="math_round" id="dw%!KNIelJ}LY#*^aBUc" intask="true"><field name="OP">ROUNDDOWN</field><value name="NUM"><block type="math_arithmetic" id="6X~]Y-ms@i}XVJPz)pT+" intask="true"><field name="OP">DIVIDE</field><value name="A"><block type="variables_get" id="b8_w),`:jH?aw4cz,%64" intask="true"><mutation datatype="Number"></mutation><field name="VAR">j</field></block></value><value name="B"><block type="math_number" id="Ao*94EdH7`cA^7?.LENZ" intask="true"><field name="NUM">5</field></block></value></block></value></block></value><value name="BRIGHTNESS"><block type="math_number" id="hVjEBG30XGkQ;E-t*ekg" intask="true"><field name="NUM">5</field></block></value></block><block type="robControls_wait_time" id="j-SN%0uXv9r9EYQM!yH#" intask="true"><value name="WAIT"><block type="math_number" id="f]c~oDe{o3Re7GK4c.OL" intask="true"><field name="NUM">300</field></block></value></block></statement></block><block type="mbedActions_display_clear" id="Xi;]=I|ns]-{kS#Z0FGk" intask="true"></block><block type="robControls_wait_time" id="nZ%T0Fd)^7fKC6htD?T9" intask="true"><value name="WAIT"><block type="math_number" id="lHgTnWRT}?+-`j;=aLhu" intask="true"><field name="NUM">300</field></block></value></block><block type="controls_whileUntil" id="?E0uscMnE!HAySP8A^e*" intask="true"><field name="MODE">UNTIL</field><value name="BOOL"><block type="logic_compare" id="z`=z;gKINSLd9dV!]b^c" intask="true"><field name="OP">EQ</field><value name="A"><block type="variables_get" id="|]58Bv*-^[+92,RJ9Nce" intask="true"><mutation datatype="Number"></mutation><field name="VAR">Zaehler</field></block></value><value name="B"><block type="math_number" id="@{nEmTWv?%{9#V_UQLjZ" intask="true"><field name="NUM">0</field></block></value></block></value><statement name="DO"><block type="robMath_change" id=")nx@}]1C/jSGaw?gB^@M" intask="true"><value name="VAR"><block type="variables_get" id="yrDSLesCAuoQtyE}hb2{" intask="true"><mutation datatype="Number"></mutation><field name="VAR">Zaehler</field></block></value><value name="DELTA"><block type="math_number" id="t2Q[/AQ]~APJVIrYT6gn" intask="true"><field name="NUM">-1</field></block></value></block><block type="mbedActions_display_setPixel" id="27IPGn:JcmbY;/%1[!w{" intask="true"><value name="X"><block type="math_modulo" id="Ve)=B)5%B@pP5cN5[%S2" intask="true"><value name="DIVIDEND"><block type="variables_get" id="pk|ioE8K7vqRZk_xb)wb" intask="true"><mutation datatype="Number"></mutation><field name="VAR">Zaehler</field></block></value><value name="DIVISOR"><block type="math_number" id="/qJlbdeomHU}AX|;Mt*#" intask="true"><field name="NUM">5</field></block></value></block></value><value name="Y"><block type="math_round" id="e2MRyw/7}Z[YG@MuBP8[" intask="true"><field name="OP">ROUNDDOWN</field><value name="NUM"><block type="math_arithmetic" id="5Oy!Ezgx1{_e=uD7NxY!" intask="true"><field name="OP">DIVIDE</field><value name="A"><block type="variables_get" id="q4c{A7=|P.QLp..,YF2z" intask="true"><mutation datatype="Number"></mutation><field name="VAR">Zaehler</field></block></value><value name="B"><block type="math_number" id="SCQvU|)-Nv7qMK2]:|P#" intask="true"><field name="NUM">5</field></block></value></block></value></block></value><value name="BRIGHTNESS"><block type="math_number" id="_OK;m_dhZ1cJN0;v!C:#" intask="true"><field name="NUM">5</field></block></value></block><block type="robControls_wait_time" id="|R9%%ar/f,t0CC89+r0i" intask="true"><value name="WAIT"><block type="math_number" id="g~(bH7iFL`([cPlV!zJk" intask="true"><field name="NUM">300</field></block></value></block></statement></block></statement></block><block type="robControls_if" id="i:I2MeDgxma}}!jK9oMq" intask="true"><value name="IF0"><block type="robSensors_key_getSample" id="(X^3Ql:6{AKpil|-|#r9" intask="true"><mutation mode="PRESSED"></mutation><field name="MODE">PRESSED</field><field name="SENSORPORT">B</field><field name="SLOT"></field></block></value><statement name="DO0"><block type="mbedActions_display_clear" id="7FSSB:RqHnJEUMeKUb:J" intask="true"></block><block type="variables_set" id="*v+ISh+*J4}EOa*49;:`" intask="true"><mutation datatype="Number"></mutation><field name="VAR">Zaehler</field><value name="VALUE"><block type="math_number" id="?|fdC76JyYkj3H=9ssJ1" intask="true"><field name="NUM">25</field></block></value></block></statement></block></statement></block></instance></block_set></program><config><block_set robottype="calliope" xmlversion="3.1" description="" tags="" xmlns="http://de.fhg.iais.roberta.blockly"><instance x="269" y="213"><block type="robConf_key" id="Kbp:=x@gw@n.b~NH|1|e" intask="true" deletable="false"><field name="NAME">A</field><field name="PIN1">A</field></block></instance><instance x="400" y="373"><block type="robConf_accelerometer" id="#(ufvG,s^FcqI,aFn/A{" intask="true" deletable="false"><field name="NAME">_A</field></block></instance><instance x="269" y="277"><block type="robConf_key" id="~wk*JZQvB.fj=I`N#NWp" intask="true" deletable="false"><field name="NAME">B</field><field name="PIN1">B</field></block></instance><instance x="624" y="251"><block type="robConf_rgbled" id="lgi%C3,J!smR:eP0aal_" intask="true" deletable="false"><field name="NAME">_R</field><field name="PIN1">0</field></block></instance><instance x="624" y="213"><block type="robConf_buzzer" id="}%d2_68IJd*7Oy{qrMR," intask="true" deletable="false"><field name="NAME">_B</field></block></instance><instance x="400" y="297"><block type="robConf_compass" id="O%Oi0Tq`hGEvrgHGPYY=" intask="true" deletable="false"><field name="NAME">_C</field></block></instance><instance x="400" y="410"><block type="robConf_sound" id="e:4V0FcDx%9,.7xO,Ns@" intask="true" deletable="false"><field name="NAME">_S</field></block></instance><instance x="400" y="255"><block type="robConf_temperature" id="0y].dnS)P)~Jjzeu3/0C" intask="true" deletable="false"><field name="NAME">_T</field></block></instance><instance x="400" y="335"><block type="robConf_gyro" id="lIT?C5y|(7FWCQIUn~pc" intask="true" deletable="false"><field name="NAME">_G</field></block></instance><instance x="400" y="213"><block type="robConf_light" id="9Ktt(7_4+XmKC0]5Zha?" intask="true" deletable="false"><field name="NAME">_L</field></block></instance></block_set></config></export>