<export xmlns="http://de.fhg.iais.roberta.blockly"><program><block_set xmlns="http://de.fhg.iais.roberta.blockly" robottype="calliope" xmlversion="3.1" description="" tags=""><instance x="644" y="108"><block type="robControls_start" id="E9|K^onUZCZAXa?vl5rV" intask="true" deletable="false"><mutation declare="false"></mutation><field name="DEBUG"></field></block><block type="robControls_loopForever" id="K*v6~GB%b~=D[n8sb8m(" intask="true"><statement name="DO"><block type="robControls_if" id="Ra~r8oqV/O~8+V}*1K.m" intask="true"><value name="IF0"><block type="robSensors_key_getSample" id="mCWCW-]4cBwB|__mbICF" intask="true"><mutation mode="PRESSED"></mutation><field name="MODE">PRESSED</field><field name="SENSORPORT">A</field><field name="SLOT"></field></block></value><statement name="DO0"><block type="mbedActions_motors_on" id="4l[[*nKG9y]U{Lw@]I=m" intask="true"><field name="A">M3</field><field name="B">M4</field><value name="POWER_A"><block type="math_number" id="XVkt4_FS*|:{D+OQ2mKe" intask="true"><field name="NUM">60</field></block></value><value name="POWER_B"><block type="math_number" id="8e=|,d0e-t}kN(-hdF%|" intask="true"><field name="NUM">60</field></block></value></block><block type="mbedActions_display_image" id="V?:QFAVa~(XJ]smh=.QJ" intask="true"><mutation type="IMAGE"></mutation><field name="TYPE">IMAGE</field><value name="VALUE"><block type="mbedImage_image" id="Y9lbU,!AM]?.1t{hYj{F" intask="true"><field name="P00"></field><field name="P10"></field><field name="P20">#</field><field name="P30"></field><field name="P40"></field><field name="P01"></field><field name="P11">#</field><field name="P21">#</field><field name="P31">#</field><field name="P41"></field><field name="P02">#</field><field name="P12"></field><field name="P22">#</field><field name="P32"></field><field name="P42">#</field><field name="P03"></field><field name="P13"></field><field name="P23">#</field><field name="P33"></field><field name="P43"></field><field name="P04"></field><field name="P14"></field><field name="P24">#</field><field name="P34"></field><field name="P44"></field></block></value></block></statement></block><block type="robControls_if" id="iS;])*L2WVgztEYu*fv1" intask="true"><value name="IF0"><block type="robSensors_key_getSample" id="{6](3*cwHk|Q?hds7_H|" intask="true"><mutation mode="PRESSED"></mutation><field name="MODE">PRESSED</field><field name="SENSORPORT">B</field><field name="SLOT"></field></block></value><statement name="DO0"><block type="mbedActions_motors_on" id="X|UyTI9|F3)/.e`)O,dk" intask="true"><field name="A">M3</field><field name="B">M4</field><value name="POWER_A"><block type="math_number" id="~OTr}SJoAAFBKO8BJj__" intask="true"><field name="NUM">0</field></block></value><value name="POWER_B"><block type="math_number" id="3.e5AIQanA3gP7p;=P0M" intask="true"><field name="NUM">0</field></block></value></block><block type="mbedActions_display_image" id="/S#N|}RGqWg?hW,89e*i" intask="true"><mutation type="IMAGE"></mutation><field name="TYPE">IMAGE</field><value name="VALUE"><block type="mbedImage_image" id="|.4ob0ads^T@)fZ,*]`k" intask="true"><field name="P00"></field><field name="P10"></field><field name="P20"></field><field name="P30"></field><field name="P40"></field><field name="P01"></field><field name="P11">#</field><field name="P21">#</field><field name="P31">#</field><field name="P41"></field><field name="P02"></field><field name="P12">#</field><field name="P22">#</field><field name="P32">#</field><field name="P42"></field><field name="P03"></field><field name="P13">#</field><field name="P23">#</field><field name="P33">#</field><field name="P43"></field><field name="P04"></field><field name="P14"></field><field name="P24"></field><field name="P34"></field><field name="P44"></field></block></value></block></statement></block></statement></block></instance></block_set></program><config><block_set robottype="calliope" xmlversion="3.1" description="" tags="" xmlns="http://de.fhg.iais.roberta.blockly"><instance x="269" y="213"><block type="robConf_key" id="Kbp:=x@gw@n.b~NH|1|e" intask="true" deletable="false"><field name="NAME">A</field><field name="PIN1">A</field></block></instance><instance x="400" y="373"><block type="robConf_accelerometer" id="#(ufvG,s^FcqI,aFn/A{" intask="true" deletable="false"><field name="NAME">_A</field></block></instance><instance x="269" y="277"><block type="robConf_key" id="~wk*JZQvB.fj=I`N#NWp" intask="true" deletable="false"><field name="NAME">B</field><field name="PIN1">B</field></block></instance><instance x="624" y="213"><block type="robConf_buzzer" id="}%d2_68IJd*7Oy{qrMR," intask="true" deletable="false"><field name="NAME">_B</field></block></instance><instance x="400" y="297"><block type="robConf_compass" id="O%Oi0Tq`hGEvrgHGPYY=" intask="true" deletable="false"><field name="NAME">_C</field></block></instance><instance x="233" y="81"><block type="robConf_motor" id="1ftu%[=vI2T{STH/MrER" intask="true"><field name="NAME">M3</field><field name="PIN1">A</field></block></instance><instance x="379" y="29"><block type="robConf_motor" id="CE3oN4D.kKuJ6P,|JU1f" intask="true"><field name="NAME">M4</field><field name="PIN1">B</field></block></instance><instance x="400" y="335"><block type="robConf_gyro" id="lIT?C5y|(7FWCQIUn~pc" intask="true" deletable="false"><field name="NAME">_G</field></block></instance><instance x="400" y="213"><block type="robConf_light" id="9Ktt(7_4+XmKC0]5Zha?" intask="true" deletable="false"><field name="NAME">_L</field></block></instance><instance x="219" y="477"><block type="robConf_callibot" id="w?ZCr-qJ4v[ugMLl_9p[" intask="true"><field name="NAME">C2</field><field name="MOTOR_L">M6</field><field name="MOTOR_R">M7</field><field name="RGBLED_LF">R2</field><field name="RGBLED_RF">R3</field><field name="RGBLED_LR">R4</field><field name="RGBLED_RR">R5</field><field name="RGBLED_A">R6</field><field name="LED_L">L2</field><field name="LED_R">L3</field><field name="LED_B">L4</field><field name="INFRARED_L">I</field><field name="INFRARED_R">I2</field><field name="ULTRASONIC">U</field><field name="SERVO_S1">S</field><field name="SERVO_S2">S5</field></block></instance><instance x="624" y="251"><block type="robConf_rgbled" id="lgi%C3,J!smR:eP0aal_" intask="true" deletable="false"><field name="NAME">_R</field><field name="PIN1">0</field></block></instance><instance x="400" y="410"><block type="robConf_sound" id="e:4V0FcDx%9,.7xO,Ns@" intask="true" deletable="false"><field name="NAME">_S</field></block></instance><instance x="400" y="255"><block type="robConf_temperature" id="0y].dnS)P)~Jjzeu3/0C" intask="true" deletable="false"><field name="NAME">_T</field></block></instance></block_set></config></export>