<export xmlns="http://de.fhg.iais.roberta.blockly"><program><block_set xmlns="http://de.fhg.iais.roberta.blockly" robottype="calliope" xmlversion="3.1" description="" tags=""><instance x="558" y="-155"><block type="robControls_start" id="Bq9wJ3qwed,s%%:Bm@?-" intask="true" deletable="false"><mutation declare="false"></mutation><field name="DEBUG"></field></block><block type="mbedCommunication_setChannel" id="!p=QxS9/xmsD6WtMHNz=" intask="true"><value name="CONNECTION"><block type="math_number" id="sp#)inkXWp5oxYJ3T2[W" intask="true"><field name="NUM">3</field></block></value></block><block type="robControls_loopForever" id="fp:qpul.!6IjQHt%TTV/" intask="true"><statement name="DO"><block type="robControls_if" id="]/J%}jGC}2?z03e+b2v5" intask="true"><value name="IF0"><block type="logic_operation" id="OS1WZ-j?=wuinILP|s[)" intask="true"><field name="OP">AND</field><value name="A"><block type="robSensors_key_getSample" id="yCZ7m03:l-pXbV7mX5W," intask="true"><mutation mode="PRESSED"></mutation><field name="MODE">PRESSED</field><field name="SENSORPORT">A</field><field name="SLOT"></field></block></value><value name="B"><block type="logic_negate" id="/8%8v(UQMa%AF~FRd~Gj" intask="true"><value name="BOOL"><block type="robSensors_key_getSample" id="O}?yx{_V#R+sR|*vH}ks" intask="true"><mutation mode="PRESSED"></mutation><field name="MODE">PRESSED</field><field name="SENSORPORT">B</field><field name="SLOT"></field></block></value></block></value></block></value><statement name="DO0"><block type="mbedCommunication_sendBlock" id="n,Gcy=(6[,}pf(VkM(,h" intask="true"><mutation datatype="Number"></mutation><field name="TYPE">Number</field><field name="POWER">7</field><value name="sendData"><block type="math_number" id="sRg|AHT]oTprne#};`0@" intask="true"><field name="NUM">1</field></block></value></block><block type="mbedActions_display_image" id="GSAJ3j?1xOpV/G%=mx*^" intask="true"><mutation type="IMAGE"></mutation><field name="TYPE">IMAGE</field><value name="VALUE"><block type="mbedImage_image" id="c`m/UHJ(;^**u^nG:.Px" intask="true"><field name="P00"></field><field name="P10"></field><field name="P20">#</field><field name="P30"></field><field name="P40"></field><field name="P01"></field><field name="P11">#</field><field name="P21"></field><field name="P31"></field><field name="P41"></field><field name="P02">#</field><field name="P12">#</field><field name="P22">#</field><field name="P32">#</field><field name="P42">#</field><field name="P03"></field><field name="P13">#</field><field name="P23"></field><field name="P33"></field><field name="P43"></field><field name="P04"></field><field name="P14"></field><field name="P24">#</field><field name="P34"></field><field name="P44"></field></block></value></block></statement></block><block type="robControls_if" id="Dw8W7yNXLruT4}Ba~k6Z" intask="true"><value name="IF0"><block type="logic_operation" id="%65Fc(mgvhO|Y,%LKc.Q" intask="true"><field name="OP">AND</field><value name="A"><block type="robSensors_key_getSample" id="wJp8]{Y`Yc6y.Fam{jCD" intask="true"><mutation mode="PRESSED"></mutation><field name="MODE">PRESSED</field><field name="SENSORPORT">B</field><field name="SLOT"></field></block></value><value name="B"><block type="logic_negate" id="AUH{]ce8WVfqUEr_n]cb" intask="true"><value name="BOOL"><block type="robSensors_key_getSample" id="0X!eGgNOgMk_T5fJkpZF" intask="true"><mutation mode="PRESSED"></mutation><field name="MODE">PRESSED</field><field name="SENSORPORT">A</field><field name="SLOT"></field></block></value></block></value></block></value><statement name="DO0"><block type="mbedCommunication_sendBlock" id="(kn*=LFJamx#6xeJ0Q5A" intask="true"><mutation datatype="Number"></mutation><field name="TYPE">Number</field><field name="POWER">7</field><value name="sendData"><block type="math_number" id="auDhpD6B[U@C4tFxQQO4" intask="true"><field name="NUM">2</field></block></value></block><block type="mbedActions_display_image" id="=i7`?xm8hxkf[[1~B96E" intask="true"><mutation type="IMAGE"></mutation><field name="TYPE">IMAGE</field><value name="VALUE"><block type="mbedImage_image" id="_wvOm0ZN@@a[.13HHbBt" intask="true"><field name="P00"></field><field name="P10"></field><field name="P20">#</field><field name="P30"></field><field name="P40"></field><field name="P01"></field><field name="P11"></field><field name="P21"></field><field name="P31">#</field><field name="P41"></field><field name="P02">#</field><field name="P12">#</field><field name="P22">#</field><field name="P32">#</field><field name="P42">#</field><field name="P03"></field><field name="P13"></field><field name="P23"></field><field name="P33">#</field><field name="P43"></field><field name="P04"></field><field name="P14"></field><field name="P24">#</field><field name="P34"></field><field name="P44"></field></block></value></block></statement></block><block type="robControls_if" id="UC)1zM6m!86Q%8B~JmNE" intask="true"><value name="IF0"><block type="logic_operation" id="Mr62kdt)=Yl4tO):b[yK" intask="true"><field name="OP">AND</field><value name="A"><block type="robSensors_key_getSample" id="KjNg[ZMVXor_d*7Bp-m)" intask="true"><mutation mode="PRESSED"></mutation><field name="MODE">PRESSED</field><field name="SENSORPORT">A</field><field name="SLOT"></field></block></value><value name="B"><block type="robSensors_key_getSample" id="Fz8?33xR[?SLb)!^fU(." intask="true"><mutation mode="PRESSED"></mutation><field name="MODE">PRESSED</field><field name="SENSORPORT">B</field><field name="SLOT"></field></block></value></block></value><statement name="DO0"><block type="mbedCommunication_sendBlock" id="i]ZgY/rjNoC3}jU^gI-r" intask="true"><mutation datatype="Number"></mutation><field name="TYPE">Number</field><field name="POWER">7</field><value name="sendData"><block type="math_number" id="k~~514/Bg[1NO!T_MMO)" intask="true"><field name="NUM">3</field></block></value></block><block type="mbedActions_display_image" id="6)H6?/o@4wPw#VXyS|d3" intask="true"><mutation type="IMAGE"></mutation><field name="TYPE">IMAGE</field><value name="VALUE"><block type="mbedImage_image" id="K{r.y_nc=Zs?X6iB=3yE" intask="true"><field name="P00"></field><field name="P10"></field><field name="P20">#</field><field name="P30"></field><field name="P40"></field><field name="P01"></field><field name="P11">#</field><field name="P21">#</field><field name="P31">#</field><field name="P41"></field><field name="P02">#</field><field name="P12"></field><field name="P22">#</field><field name="P32"></field><field name="P42">#</field><field name="P03"></field><field name="P13"></field><field name="P23">#</field><field name="P33"></field><field name="P43"></field><field name="P04"></field><field name="P14"></field><field name="P24">#</field><field name="P34"></field><field name="P44"></field></block></value></block></statement></block><block type="robControls_if" id="XkJR]mYGF?Rb1Gf3C0Wo" intask="true"><value name="IF0"><block type="logic_operation" id="K|SHPlR8r{s=uq[)rFZY" intask="true"><field name="OP">AND</field><value name="A"><block type="logic_negate" id="fmLo2{NCZ#[`iAMggD8j" intask="true"><value name="BOOL"><block type="robSensors_key_getSample" id="XIF57uL?1{X#Syl~ND^^" intask="true"><mutation mode="PRESSED"></mutation><field name="MODE">PRESSED</field><field name="SENSORPORT">A</field><field name="SLOT"></field></block></value></block></value><value name="B"><block type="logic_negate" id="@=zSt@GB%.Ypz~H94lDA" intask="true"><value name="BOOL"><block type="robSensors_key_getSample" id="x]EZ==;Ts;HwAnWygR!x" intask="true"><mutation mode="PRESSED"></mutation><field name="MODE">PRESSED</field><field name="SENSORPORT">B</field><field name="SLOT"></field></block></value></block></value></block></value><statement name="DO0"><block type="mbedCommunication_sendBlock" id="Ag(=8kSOEU6M]6~EiG!X" intask="true"><mutation datatype="Number"></mutation><field name="TYPE">Number</field><field name="POWER">7</field><value name="sendData"><block type="math_number" id="kRi`Cyv0_A1A8`jZy47E" intask="true"><field name="NUM">0</field></block></value></block><block type="mbedActions_display_image" id="mP+Wh/j.O48rwPx6g)v[" intask="true"><mutation type="IMAGE"></mutation><field name="TYPE">IMAGE</field><value name="VALUE"><block type="mbedImage_image" id="vLH}6=OE{,S!StNykzW/" intask="true"><field name="P00"></field><field name="P10"></field><field name="P20"></field><field name="P30"></field><field name="P40"></field><field name="P01"></field><field name="P11">#</field><field name="P21">#</field><field name="P31">#</field><field name="P41"></field><field name="P02"></field><field name="P12">#</field><field name="P22">#</field><field name="P32">#</field><field name="P42"></field><field name="P03"></field><field name="P13">#</field><field name="P23">#</field><field name="P33">#</field><field name="P43"></field><field name="P04"></field><field name="P14"></field><field name="P24"></field><field name="P34"></field><field name="P44"></field></block></value></block></statement></block></statement></block></instance></block_set></program><config><block_set robottype="calliope" xmlversion="3.1" description="" tags="" xmlns="http://de.fhg.iais.roberta.blockly"><instance x="269" y="213"><block type="robConf_key" id="Kbp:=x@gw@n.b~NH|1|e" intask="true" deletable="false"><field name="NAME">A</field><field name="PIN1">A</field></block></instance><instance x="400" y="373"><block type="robConf_accelerometer" id="#(ufvG,s^FcqI,aFn/A{" intask="true" deletable="false"><field name="NAME">_A</field></block></instance><instance x="269" y="277"><block type="robConf_key" id="~wk*JZQvB.fj=I`N#NWp" intask="true" deletable="false"><field name="NAME">B</field><field name="PIN1">B</field></block></instance><instance x="624" y="251"><block type="robConf_rgbled" id="lgi%C3,J!smR:eP0aal_" intask="true" deletable="false"><field name="NAME">_R</field><field name="PIN1">0</field></block></instance><instance x="624" y="213"><block type="robConf_buzzer" id="}%d2_68IJd*7Oy{qrMR," intask="true" deletable="false"><field name="NAME">_B</field></block></instance><instance x="400" y="297"><block type="robConf_compass" id="O%Oi0Tq`hGEvrgHGPYY=" intask="true" deletable="false"><field name="NAME">_C</field></block></instance><instance x="400" y="410"><block type="robConf_sound" id="e:4V0FcDx%9,.7xO,Ns@" intask="true" deletable="false"><field name="NAME">_S</field></block></instance><instance x="400" y="255"><block type="robConf_temperature" id="0y].dnS)P)~Jjzeu3/0C" intask="true" deletable="false"><field name="NAME">_T</field></block></instance><instance x="400" y="335"><block type="robConf_gyro" id="lIT?C5y|(7FWCQIUn~pc" intask="true" deletable="false"><field name="NAME">_G</field></block></instance><instance x="400" y="213"><block type="robConf_light" id="9Ktt(7_4+XmKC0]5Zha?" intask="true" deletable="false"><field name="NAME">_L</field></block></instance></block_set></config></export>