<export xmlns="http://de.fhg.iais.roberta.blockly"><program><block_set xmlns="http://de.fhg.iais.roberta.blockly" robottype="calliope" xmlversion="3.1" description="" tags=""><instance x="583" y="-88"><block type="robControls_start" id="Bq9wJ3qwed,s%%:Bm@?-" intask="true" deletable="false"><mutation declare="true"></mutation><field name="DEBUG"></field><statement name="ST"><block type="robGlobalVariables_declare" id="ZvDXME3|Z%knGBpJe`~6" intask="true" deletable="false" movable="false"><mutation next="false" declaration_type="Number"></mutation><field name="VAR">Zeichen</field><field name="TYPE">Number</field></block></statement></block><block type="mbedCommunication_setChannel" id="!p=QxS9/xmsD6WtMHNz=" intask="true"><value name="CONNECTION"><block type="math_number" id="sp#)inkXWp5oxYJ3T2[W" intask="true"><field name="NUM">3</field></block></value></block><block type="robControls_loopForever" id="fp:qpul.!6IjQHt%TTV/" intask="true"><statement name="DO"><block type="robControls_if" id="ueZH4*wc9b)h*tXS:gY5" intask="true"><value name="IF0"><block type="logic_compare" id="G)JVN=rb7]F_%WG.jzza" intask="true"><field name="OP">EQ</field><value name="A"><block type="mbedCommunication_receiveBlock" id="jB^!D/mTr?(f2k45MfIh" intask="true"><mutation datatype="Number"></mutation><field name="TYPE">Number</field></block></value><value name="B"><block type="math_number" id="J*w|tJ/%F[G}tAIUAO*L" intask="true"><field name="NUM">0</field></block></value></block></value><statement name="DO0"><block type="mbedActions_display_image" id="%mpu2~1vz,wZrzBAD]Hz" intask="true"><mutation type="IMAGE"></mutation><field name="TYPE">IMAGE</field><value name="VALUE"><block type="mbedImage_image" id="d|D%mmq({X4)2qa7[Lyt" intask="true"><field name="P00"></field><field name="P10"></field><field name="P20"></field><field name="P30"></field><field name="P40"></field><field name="P01"></field><field name="P11">#</field><field name="P21">#</field><field name="P31">#</field><field name="P41"></field><field name="P02"></field><field name="P12">#</field><field name="P22">#</field><field name="P32">#</field><field name="P42"></field><field name="P03"></field><field name="P13">#</field><field name="P23">#</field><field name="P33">#</field><field name="P43"></field><field name="P04"></field><field name="P14"></field><field name="P24"></field><field name="P34"></field><field name="P44"></field></block></value></block></statement></block><block type="robControls_if" id="e7JQzvA:F%4aFfDMXt-;" intask="true"><value name="IF0"><block type="logic_compare" id="-_yD]r:PdEd#+c?r=12}" intask="true"><field name="OP">EQ</field><value name="A"><block type="mbedCommunication_receiveBlock" id="b.gClp/,%7j~!vF]167t" intask="true"><mutation datatype="Number"></mutation><field name="TYPE">Number</field></block></value><value name="B"><block type="math_number" id="WKYO_jMPP~tEJ+A|g(pj" intask="true"><field name="NUM">1</field></block></value></block></value><statement name="DO0"><block type="mbedActions_display_image" id="p]T_Odp;7I,F6Dg=uR?a" intask="true"><mutation type="IMAGE"></mutation><field name="TYPE">IMAGE</field><value name="VALUE"><block type="mbedImage_image" id="N6hCOD,m*DRe8@Bh68Tl" intask="true"><field name="P00"></field><field name="P10"></field><field name="P20">#</field><field name="P30"></field><field name="P40"></field><field name="P01"></field><field name="P11">#</field><field name="P21"></field><field name="P31"></field><field name="P41"></field><field name="P02">#</field><field name="P12">#</field><field name="P22">#</field><field name="P32">#</field><field name="P42"></field><field name="P03"></field><field name="P13">#</field><field name="P23"></field><field name="P33"></field><field name="P43"></field><field name="P04"></field><field name="P14"></field><field name="P24">#</field><field name="P34"></field><field name="P44"></field></block></value></block></statement></block><block type="robControls_if" id="P=cFFA8lPA%aCd;9c|h0" intask="true"><value name="IF0"><block type="logic_compare" id="=Fro=D*B8T05*EM.BtuM" intask="true"><field name="OP">EQ</field><value name="A"><block type="mbedCommunication_receiveBlock" id="#1gW1NiN_R,25]d~FqQY" intask="true"><mutation datatype="Number"></mutation><field name="TYPE">Number</field></block></value><value name="B"><block type="math_number" id="%CNk[08y?o2d!5?Q7?^J" intask="true"><field name="NUM">2</field></block></value></block></value><statement name="DO0"><block type="mbedActions_display_image" id="Pz}6pM_us/1tu0ax1if^" intask="true"><mutation type="IMAGE"></mutation><field name="TYPE">IMAGE</field><value name="VALUE"><block type="mbedImage_image" id="uC#)~AP5a3BlEZ8Jo0A]" intask="true"><field name="P00"></field><field name="P10"></field><field name="P20">#</field><field name="P30"></field><field name="P40"></field><field name="P01"></field><field name="P11"></field><field name="P21"></field><field name="P31">#</field><field name="P41"></field><field name="P02">#</field><field name="P12">#</field><field name="P22">#</field><field name="P32">#</field><field name="P42">#</field><field name="P03"></field><field name="P13"></field><field name="P23"></field><field name="P33">#</field><field name="P43"></field><field name="P04"></field><field name="P14"></field><field name="P24">#</field><field name="P34"></field><field name="P44"></field></block></value></block></statement></block><block type="robControls_if" id="|h@0fZBU+UH~IAlMH:/u" intask="true"><value name="IF0"><block type="logic_compare" id="`yR@]m)Lp@~9x5Ky0~D!" intask="true"><field name="OP">EQ</field><value name="A"><block type="mbedCommunication_receiveBlock" id="{LSUy*LdmD`IU~0|zE@3" intask="true"><mutation datatype="Number"></mutation><field name="TYPE">Number</field></block></value><value name="B"><block type="math_number" id="%;k+rHishMp)A.kLIzQ-" intask="true"><field name="NUM">3</field></block></value></block></value><statement name="DO0"><block type="mbedActions_display_image" id="Z^UZPcZFmW];s0!d:{@w" intask="true"><mutation type="IMAGE"></mutation><field name="TYPE">IMAGE</field><value name="VALUE"><block type="mbedImage_image" id="1ZL!X{KpsW:/@M^@{vD1" intask="true"><field name="P00"></field><field name="P10"></field><field name="P20">#</field><field name="P30"></field><field name="P40"></field><field name="P01"></field><field name="P11">#</field><field name="P21">#</field><field name="P31">#</field><field name="P41"></field><field name="P02">#</field><field name="P12"></field><field name="P22">#</field><field name="P32"></field><field name="P42">#</field><field name="P03"></field><field name="P13"></field><field name="P23">#</field><field name="P33"></field><field name="P43"></field><field name="P04"></field><field name="P14"></field><field name="P24">#</field><field name="P34"></field><field name="P44"></field></block></value></block></statement></block><block type="robControls_wait_time" id="R]X1B(`Bc`[gofNFTVPK" intask="true"><value name="WAIT"><block type="math_number" id="Oq/l/H~IWn-n(*Mu,m#-" intask="true"><field name="NUM">200</field></block></value></block></statement></block></instance></block_set></program><config><block_set robottype="calliope" xmlversion="3.1" description="" tags="" xmlns="http://de.fhg.iais.roberta.blockly"><instance x="269" y="213"><block type="robConf_key" id="Kbp:=x@gw@n.b~NH|1|e" intask="true" deletable="false"><field name="NAME">A</field><field name="PIN1">A</field></block></instance><instance x="400" y="373"><block type="robConf_accelerometer" id="#(ufvG,s^FcqI,aFn/A{" intask="true" deletable="false"><field name="NAME">_A</field></block></instance><instance x="269" y="277"><block type="robConf_key" id="~wk*JZQvB.fj=I`N#NWp" intask="true" deletable="false"><field name="NAME">B</field><field name="PIN1">B</field></block></instance><instance x="624" y="251"><block type="robConf_rgbled" id="lgi%C3,J!smR:eP0aal_" intask="true" deletable="false"><field name="NAME">_R</field><field name="PIN1">0</field></block></instance><instance x="624" y="213"><block type="robConf_buzzer" id="}%d2_68IJd*7Oy{qrMR," intask="true" deletable="false"><field name="NAME">_B</field></block></instance><instance x="400" y="297"><block type="robConf_compass" id="O%Oi0Tq`hGEvrgHGPYY=" intask="true" deletable="false"><field name="NAME">_C</field></block></instance><instance x="400" y="410"><block type="robConf_sound" id="e:4V0FcDx%9,.7xO,Ns@" intask="true" deletable="false"><field name="NAME">_S</field></block></instance><instance x="400" y="255"><block type="robConf_temperature" id="0y].dnS)P)~Jjzeu3/0C" intask="true" deletable="false"><field name="NAME">_T</field></block></instance><instance x="400" y="335"><block type="robConf_gyro" id="lIT?C5y|(7FWCQIUn~pc" intask="true" deletable="false"><field name="NAME">_G</field></block></instance><instance x="400" y="213"><block type="robConf_light" id="9Ktt(7_4+XmKC0]5Zha?" intask="true" deletable="false"><field name="NAME">_L</field></block></instance></block_set></config></export>