<export xmlns="http://de.fhg.iais.roberta.blockly"><program><block_set xmlns="http://de.fhg.iais.roberta.blockly" robottype="calliope" xmlversion="3.1" description="" tags=""><instance x="449" y="-245"><block type="robControls_start" id="v[9|@u^gk~QR~2.dFN#s" intask="true" deletable="false"><mutation declare="true"></mutation><field name="DEBUG"></field><statement name="ST"><block type="robGlobalVariables_declare" id="~-c.?Dkb7;.DEIzwb`;K" intask="true" deletable="false" movable="false"><mutation next="true" declaration_type="Number"></mutation><field name="VAR">Fahren</field><field name="TYPE">Number</field><value name="VALUE"><block type="math_number" id="1~:bnzO;tXRiFPo6CcR?" intask="true"><field name="NUM">500</field></block></value></block><block type="robGlobalVariables_declare" id="xp_%2)ebEo{My!hoTk/G" intask="true" deletable="false" movable="false"><mutation next="true" declaration_type="Number"></mutation><field name="VAR">Drehen</field><field name="TYPE">Number</field><value name="VALUE"><block type="math_number" id="C})ovlo{]t*T=q80L17q" intask="true"><field name="NUM">300</field></block></value></block><block type="robGlobalVariables_declare" id="F:_b1CGot}[u3QYu%`j1" intask="true" deletable="false" movable="false"><mutation next="false" declaration_type="Number"></mutation><field name="VAR">Zeichen</field><field name="TYPE">Number</field></block></statement></block><block type="mbedCommunication_setChannel" id="/+]ct2y+uFCxvBx0}zp`" intask="true"><value name="CONNECTION"><block type="math_number" id="r~v*HY(`{6[eHxl-vh]-" intask="true"><field name="NUM">3</field></block></value></block><block type="robControls_loopForever" id="U2/0=.e8vO[UAt5?93#+" intask="true"><statement name="DO"><block type="robControls_if" id="q6BTpWx_^KIkmYSb?:%P" intask="true"><value name="IF0"><block type="logic_compare" id="Cqi7LXp6p.,cq^0V/,j`" intask="true"><field name="OP">EQ</field><value name="A"><block type="mbedCommunication_receiveBlock" id="##E!/yz256Xz3wh.UXO|" intask="true"><mutation datatype="Number"></mutation><field name="TYPE">Number</field></block></value><value name="B"><block type="math_number" id=")uM1470v^XYGt,?JXpHy" intask="true"><field name="NUM">0</field></block></value></block></value><statement name="DO0"><block type="mbedActions_write_to_pin" id="ZD}]FY?B2,jdSAv!uCd:" intask="true"><mutation protocol="ANALOG"></mutation><field name="VALUETYPE">ANALOG</field><field name="PIN">Mrechts</field><value name="VALUE"><block type="math_number" id="Bfk_+Vce;=*Gas;C-Ik5" intask="true"><field name="NUM">0</field></block></value></block><block type="mbedActions_write_to_pin" id="570Tx1bzMvyklf:Z9Fe+" intask="true"><mutation protocol="ANALOG"></mutation><field name="VALUETYPE">ANALOG</field><field name="PIN">Mlinks</field><value name="VALUE"><block type="math_number" id="5lsW^+^GN?@:jKQ_`xzF" intask="true"><field name="NUM">0</field></block></value></block><block type="mbedActions_display_image" id="zA95`*gx~qYQ6,M2ja!@" intask="true"><mutation type="IMAGE"></mutation><field name="TYPE">IMAGE</field><value name="VALUE"><block type="mbedImage_image" id="B89EOr{pP|YC@7uvg0E#" intask="true"><field name="P00"></field><field name="P10"></field><field name="P20"></field><field name="P30"></field><field name="P40"></field><field name="P01"></field><field name="P11"></field><field name="P21"></field><field name="P31"></field><field name="P41"></field><field name="P02"></field><field name="P12"></field><field name="P22">#</field><field name="P32"></field><field name="P42"></field><field name="P03"></field><field name="P13"></field><field name="P23"></field><field name="P33"></field><field name="P43"></field><field name="P04"></field><field name="P14"></field><field name="P24"></field><field name="P34"></field><field name="P44"></field></block></value></block></statement></block><block type="robControls_if" id=")H0FfkWL{pwqZ_[_(_X:" intask="true"><value name="IF0"><block type="logic_compare" id="@w6]+D(0`pzPo3vpS+1x" intask="true"><field name="OP">EQ</field><value name="A"><block type="mbedCommunication_receiveBlock" id="yHvkj2TmHpdGr!RngrvE" intask="true"><mutation datatype="Number"></mutation><field name="TYPE">Number</field></block></value><value name="B"><block type="math_number" id="5UA/eIZ/+/*,p]/,7_{U" intask="true"><field name="NUM">1</field></block></value></block></value><statement name="DO0"><block type="mbedActions_write_to_pin" id="O):zW8ui;tL~qtVB8z?E" intask="true"><mutation protocol="ANALOG"></mutation><field name="VALUETYPE">ANALOG</field><field name="PIN">Mrechts</field><value name="VALUE"><block type="math_number" id="L+v:jS8dqh}tRY:yEP*Z" intask="true"><field name="NUM">0</field></block></value></block><block type="mbedActions_write_to_pin" id="NOOmB)8uDRm?5:;dlPCM" intask="true"><mutation protocol="ANALOG"></mutation><field name="VALUETYPE">ANALOG</field><field name="PIN">Mlinks</field><value name="VALUE"><block type="variables_get" id="5:~9HUA1D6@@:|]~tb7w" intask="true"><mutation datatype="Number"></mutation><field name="VAR">Drehen</field></block></value></block><block type="mbedActions_display_image" id="=v(OS0YE#Q{gV`NAIBVT" intask="true"><mutation type="IMAGE"></mutation><field name="TYPE">IMAGE</field><value name="VALUE"><block type="mbedImage_image" id="|WkuWkk0n%BLsLep4Rt~" intask="true"><field name="P00"></field><field name="P10"></field><field name="P20"></field><field name="P30"></field><field name="P40"></field><field name="P01"></field><field name="P11">#</field><field name="P21"></field><field name="P31"></field><field name="P41"></field><field name="P02">#</field><field name="P12">#</field><field name="P22">#</field><field name="P32">#</field><field name="P42"></field><field name="P03"></field><field name="P13">#</field><field name="P23"></field><field name="P33"></field><field name="P43"></field><field name="P04"></field><field name="P14"></field><field name="P24"></field><field name="P34"></field><field name="P44"></field></block></value></block></statement></block><block type="robControls_if" id=",R|jtt`p]zb~-NVc;S`D" intask="true"><value name="IF0"><block type="logic_compare" id="7#+8MM3k+[n+({E/_Z,0" intask="true"><field name="OP">EQ</field><value name="A"><block type="mbedCommunication_receiveBlock" id="3U5.x8P-ZFkK6L#[T1,9" intask="true"><mutation datatype="Number"></mutation><field name="TYPE">Number</field></block></value><value name="B"><block type="math_number" id="i+vwZk?U#e0Uq7BbC.Z1" intask="true"><field name="NUM">2</field></block></value></block></value><statement name="DO0"><block type="mbedActions_write_to_pin" id="C^EZbN]l9ikH;?pa#!{N" intask="true"><mutation protocol="ANALOG"></mutation><field name="VALUETYPE">ANALOG</field><field name="PIN">Mrechts</field><value name="VALUE"><block type="variables_get" id="QNgMnWZu)Unr[sD}OTAj" intask="true"><mutation datatype="Number"></mutation><field name="VAR">Drehen</field></block></value></block><block type="mbedActions_write_to_pin" id="*;*U??2L_ZiALP2Nf*HI" intask="true"><mutation protocol="ANALOG"></mutation><field name="VALUETYPE">ANALOG</field><field name="PIN">Mlinks</field><value name="VALUE"><block type="math_number" id="_2-dO=0crsui%H2Zj+fj" intask="true"><field name="NUM">0</field></block></value></block><block type="mbedActions_display_image" id="3b4-vCBD[+rS[WAdJy6e" intask="true"><mutation type="IMAGE"></mutation><field name="TYPE">IMAGE</field><value name="VALUE"><block type="mbedImage_image" id="xdJk6a;St?};`fTX`hwF" intask="true"><field name="P00"></field><field name="P10"></field><field name="P20"></field><field name="P30"></field><field name="P40"></field><field name="P01"></field><field name="P11"></field><field name="P21"></field><field name="P31">#</field><field name="P41"></field><field name="P02"></field><field name="P12">#</field><field name="P22">#</field><field name="P32">#</field><field name="P42">#</field><field name="P03"></field><field name="P13"></field><field name="P23"></field><field name="P33">#</field><field name="P43"></field><field name="P04"></field><field name="P14"></field><field name="P24"></field><field name="P34"></field><field name="P44"></field></block></value></block></statement></block><block type="robControls_if" id="#D%Eu!+iol*-:;Epu5z3" intask="true"><value name="IF0"><block type="logic_compare" id="riRHXWQ?l;fh3bzfM|6C" intask="true"><field name="OP">EQ</field><value name="A"><block type="mbedCommunication_receiveBlock" id="xd3O}`GTF%gv*Z_{n@r`" intask="true"><mutation datatype="Number"></mutation><field name="TYPE">Number</field></block></value><value name="B"><block type="math_number" id="DF1kex.UV4BXE41H0gL~" intask="true"><field name="NUM">3</field></block></value></block></value><statement name="DO0"><block type="mbedActions_write_to_pin" id="U8gUz|HDm=y{SC_G/`_H" intask="true"><mutation protocol="ANALOG"></mutation><field name="VALUETYPE">ANALOG</field><field name="PIN">Mrechts</field><value name="VALUE"><block type="variables_get" id="9/.EMJo2Y%=cj;XCQ)?X" intask="true"><mutation datatype="Number"></mutation><field name="VAR">Fahren</field></block></value></block><block type="mbedActions_write_to_pin" id="m[oK%#{8RZAh,E}p5n!I" intask="true"><mutation protocol="ANALOG"></mutation><field name="VALUETYPE">ANALOG</field><field name="PIN">Mlinks</field><value name="VALUE"><block type="variables_get" id="rPrnBQ[qmfsTila_(Rgw" intask="true"><mutation datatype="Number"></mutation><field name="VAR">Fahren</field></block></value></block><block type="mbedActions_display_image" id="(!Vx[[xXPM]G+2],OacP" intask="true"><mutation type="IMAGE"></mutation><field name="TYPE">IMAGE</field><value name="VALUE"><block type="mbedImage_image" id="jO^8a3PzSkF8F?S*y8sk" intask="true"><field name="P00"></field><field name="P10"></field><field name="P20">#</field><field name="P30"></field><field name="P40"></field><field name="P01"></field><field name="P11">#</field><field name="P21">#</field><field name="P31">#</field><field name="P41"></field><field name="P02"></field><field name="P12"></field><field name="P22">#</field><field name="P32"></field><field name="P42"></field><field name="P03"></field><field name="P13"></field><field name="P23">#</field><field name="P33"></field><field name="P43"></field><field name="P04"></field><field name="P14"></field><field name="P24"></field><field name="P34"></field><field name="P44"></field></block></value></block></statement></block><block type="robControls_wait_time" id="2.=_!b@:,S3#IFgql|J*" intask="true"><value name="WAIT"><block type="math_number" id=",5I[y{Jsdd!r`??wHE@o" intask="true"><field name="NUM">100</field></block></value></block></statement></block></instance></block_set></program><config><block_set xmlns="http://de.fhg.iais.roberta.blockly" robottype="calliope" xmlversion="3.1" description="" tags=""><instance x="218" y="170"><block type="robConf_key" id="~wk*JZQvB.fj=I`N#NWp" intask="true" deletable="false"><field name="NAME">B</field><field name="PIN1">B</field></block></instance><instance x="449" y="212"><block type="robConf_sound" id="e:4V0FcDx%9,.7xO,Ns@" intask="true" deletable="false"><field name="NAME">_S</field></block></instance><instance x="449" y="240"><block type="robConf_light" id="9Ktt(7_4+XmKC0]5Zha?" intask="true" deletable="false"><field name="NAME">_L</field></block></instance><instance x="553" y="266"><block type="robConf_gyro" id="lIT?C5y|(7FWCQIUn~pc" intask="true" deletable="false"><field name="NAME">_G</field></block></instance><instance x="551" y="291"><block type="robConf_compass" id="O%Oi0Tq`hGEvrgHGPYY=" intask="true" deletable="false"><field name="NAME">_C</field></block></instance><instance x="218" y="320"><block type="robConf_key" id="Kbp:=x@gw@n.b~NH|1|e" intask="true" deletable="false"><field name="NAME">A</field><field name="PIN1">A</field></block></instance><instance x="524" y="321"><block type="robConf_accelerometer" id="#(ufvG,s^FcqI,aFn/A{" intask="true" deletable="false"><field name="NAME">_A</field></block></instance><instance x="506" y="408"><block type="robConf_temperature" id="0y].dnS)P)~Jjzeu3/0C" intask="true" deletable="false"><field name="NAME">_T</field></block></instance><instance x="218" y="472"><block type="robConf_rgbled" id="lgi%C3,J!smR:eP0aal_" intask="true" deletable="false"><field name="NAME">_R</field></block></instance><instance x="218" y="500"><block type="robConf_buzzer" id="}%d2_68IJd*7Oy{qrMR," intask="true" deletable="false"><field name="NAME">_B</field></block></instance><instance x="147" y="622"><block type="robConf_analogin" id="[b#K}ZHgk`Ti.e*t4^P+" intask="true"><field name="NAME">Mlinks</field><field name="PIN1">1</field></block></instance><instance x="645" y="694"><block type="robConf_analogin" id="yM~pl`Q%^GS9m*wMDly@" intask="true"><field name="NAME">Mrechts</field><field name="PIN1">2</field></block></instance></block_set></config></export>