<export xmlns="http://de.fhg.iais.roberta.blockly"><program><block_set xmlns="http://de.fhg.iais.roberta.blockly" robottype="calliope" xmlversion="3.1" description="Ultraschallsensor HC-SR04&lt;div&gt;&lt;br&gt;&lt;/div&gt;&lt;div&gt;Trigger an C16&lt;/div&gt;&lt;div&gt;Echo an C17&lt;/div&gt;&lt;div&gt;HC-SR04 mit 5V versorgen!&lt;br&gt;&lt;div&gt;&lt;br&gt;&lt;/div&gt;&lt;div&gt;&lt;br&gt;&lt;/div&gt;&lt;div&gt;The Timing diagram is shown below. You only need to supply a short 10uS&#10;&lt;/div&gt;&lt;div&gt;pulse to the trigger input to start the ranging, and then the module will send out&#10;&lt;/div&gt;&lt;div&gt;an 8 cycle burst of ultrasound at 40 kHz and raise its echo. The Echo is a&#10;&lt;/div&gt;&lt;div&gt;distance object that is pulse width and the range in proportion .You can&#10;&lt;/div&gt;&lt;div&gt;calculate the range through the time interval between sending trigger signal and&#10;&lt;/div&gt;&lt;div&gt;receiving echo signal. Formula: uS / 58 = centimeters or uS / 148 =inch; or: the&#10;&lt;/div&gt;&lt;div&gt;range = high level time * velocity (340M/S) / 2; we suggest to use over 60ms&#10;&lt;/div&gt;&lt;div&gt;measurement cycle, in order to prevent trigger signal to the echo signal.&amp;nbsp;&lt;/div&gt;&lt;/div&gt;" tags=""><instance x="384" y="50"><block type="robControls_start" id="0doU2K=(pG^vyVuK8s{c" intask="true" deletable="false"><mutation declare="true"></mutation><field name="DEBUG"></field><statement name="ST"><block type="robGlobalVariables_declare" id="td^k^Da5LBe6=@qhvp-Q" intask="true" deletable="false" movable="false"><mutation next="false" declaration_type="Number"></mutation><field name="VAR">Entfernung</field><field name="TYPE">Number</field><value name="VALUE"><block type="math_number" id="Sg{MMpYMiwVp,_^XYriy" intask="true"><field name="NUM">0</field></block></value></block></statement></block><block type="robControls_loopForever" id="z3dlwujgZm-X+GI[7D]J" intask="true"><statement name="DO"><block type="robControls_wait_time" id="hwn%7fpxwhVoDzydeTum" intask="true"><value name="WAIT"><block type="math_number" id="%GTm-o!%NaphC}RVrmpr" intask="true"><field name="NUM">500</field></block></value></block><block type="mbedActions_write_to_pin" id="9pkdsl`5,gW}y9QqTCY7" intask="true"><mutation protocol="DIGITAL"></mutation><field name="VALUETYPE">DIGITAL</field><field name="PIN">Trigger</field><value name="VALUE"><block type="math_number" id="8B9z4%@v#0H=Vn|Q0ySR" intask="true"><field name="NUM">1</field></block></value></block><block type="robControls_wait_time" id="-^gOluNcjF{2G}!mAhsr" intask="true"><value name="WAIT"><block type="math_number" id="[.T,`Wwl;rAVO,9HP07G" intask="true"><field name="NUM">0.1</field></block></value></block><block type="mbedActions_write_to_pin" id="5sL,8kF:tjI36Ze;Qb/O" intask="true"><mutation protocol="DIGITAL"></mutation><field name="VALUETYPE">DIGITAL</field><field name="PIN">Trigger</field><value name="VALUE"><block type="math_number" id="[QL(4GvrL9eFp^U-~(n[" intask="true"><field name="NUM">0</field></block></value></block><block type="variables_set" id="UXWk]OS9vE2DALl_=X2v" intask="true"><mutation datatype="Number"></mutation><field name="VAR">Entfernung</field><value name="VALUE"><block type="math_arithmetic" id="NcTq4zb)H-tzbh/34zR_" intask="true"><field name="OP">DIVIDE</field><value name="A"><block type="robSensors_pin_getSample" id="#vPS2uhk1+!FMs@hC/%;" intask="true"><mutation mode="DIGITAL"></mutation><field name="MODE">PULSEHIGH</field><field name="SENSORPORT">Echo</field><field name="SLOT"></field></block></value><value name="B"><block type="math_number" id="N|C3OnDmnllJAj9v9;ux" intask="true"><field name="NUM">58</field></block></value></block></value></block><block type="mbedActions_display_text" id="XL8]aTTTRDjBdoad.OLT" intask="true"><field name="TYPE">TEXT</field><value name="OUT"><block type="variables_get" id="GC4#DX=~!Dcb*xxj7ZET" intask="true"><mutation datatype="Number"></mutation><field name="VAR">Entfernung</field></block></value></block></statement></block></instance></block_set></program><config><block_set xmlns="http://de.fhg.iais.roberta.blockly" robottype="calliope" xmlversion="3.1" description="" tags=""><instance x="769" y="96"><block type="robConf_digitalin" id="[ub~Rm?oPv-^3qkG`Nds" intask="true"><field name="NAME">Trigger</field><field name="PIN1">C16</field></block></instance><instance x="211" y="163"><block type="robConf_key" id="~wk*JZQvB.fj=I`N#NWp" intask="true" deletable="false"><field name="NAME">B</field><field name="PIN1">B</field></block></instance><instance x="442" y="205"><block type="robConf_sound" id="e:4V0FcDx%9,.7xO,Ns@" intask="true" deletable="false"><field name="NAME">_S</field></block></instance><instance x="442" y="233"><block type="robConf_light" id="9Ktt(7_4+XmKC0]5Zha?" intask="true" deletable="false"><field name="NAME">_L</field></block></instance><instance x="817" y="225"><block type="robConf_digitalout" id="5mJ5~}eU/6*6:4EL(1P-" intask="true"><field name="NAME">Echo</field><field name="PIN1">C17</field></block></instance><instance x="325" y="254"><block type="robConf_gyro" id="lIT?C5y|(7FWCQIUn~pc" intask="true" deletable="false"><field name="NAME">_G</field></block></instance><instance x="325" y="282"><block type="robConf_compass" id="O%Oi0Tq`hGEvrgHGPYY=" intask="true" deletable="false"><field name="NAME">_C</field></block></instance><instance x="211" y="313"><block type="robConf_key" id="Kbp:=x@gw@n.b~NH|1|e" intask="true" deletable="false"><field name="NAME">A</field><field name="PIN1">A</field></block></instance><instance x="325" y="311"><block type="robConf_accelerometer" id="#(ufvG,s^FcqI,aFn/A{" intask="true" deletable="false"><field name="NAME">_A</field></block></instance><instance x="325" y="421"><block type="robConf_temperature" id="0y].dnS)P)~Jjzeu3/0C" intask="true" deletable="false"><field name="NAME">_T</field></block></instance><instance x="211" y="465"><block type="robConf_rgbled" id="lgi%C3,J!smR:eP0aal_" intask="true" deletable="false"><field name="NAME">_R</field></block></instance><instance x="211" y="493"><block type="robConf_buzzer" id="}%d2_68IJd*7Oy{qrMR," intask="true" deletable="false"><field name="NAME">_B</field></block></instance></block_set></config></export>