<export xmlns="http://de.fhg.iais.roberta.blockly"><program><block_set xmlns="http://de.fhg.iais.roberta.blockly" robottype="calliope" xmlversion="3.1" description="Ultraschallsensor HC-SR04&lt;div&gt;&lt;br&gt;&lt;/div&gt;&lt;div&gt;Trigger an C16&lt;/div&gt;&lt;div&gt;Echo an C17&lt;/div&gt;&lt;div&gt;HC-SR04 mit 5V versorgen!&lt;br&gt;&lt;div&gt;&lt;br&gt;&lt;/div&gt;&lt;div&gt;&lt;br&gt;&lt;/div&gt;&lt;div&gt;The Timing diagram is shown below. You only need to supply a short 10uS &lt;/div&gt;&lt;div&gt;pulse to the trigger input to start the ranging, and then the module will send out &lt;/div&gt;&lt;div&gt;an 8 cycle burst of ultrasound at 40 kHz and raise its echo. The Echo is a &lt;/div&gt;&lt;div&gt;distance object that is pulse width and the range in proportion .You can &lt;/div&gt;&lt;div&gt;calculate the range through the time interval between sending trigger signal and &lt;/div&gt;&lt;div&gt;receiving echo signal. Formula: uS / 58 = centimeters or uS / 148 =inch; or: the &lt;/div&gt;&lt;div&gt;range = high level time * velocity (340M/S) / 2; we suggest to use over 60ms &lt;/div&gt;&lt;div&gt;measurement cycle, in order to prevent trigger signal to the echo signal.&amp;nbsp;&lt;/div&gt;&lt;/div&gt;" tags=""><instance x="607" y="-427"><block type="robControls_start" id="0doU2K=(pG^vyVuK8s{c" intask="true" deletable="false"><mutation declare="true"></mutation><field name="DEBUG"></field><statement name="ST"><block type="robGlobalVariables_declare" id="td^k^Da5LBe6=@qhvp-Q" intask="true" deletable="false" movable="false"><mutation next="true" declaration_type="Number"></mutation><field name="VAR">Entfernung</field><field name="TYPE">Number</field><value name="VALUE"><block type="math_number" id="Sg{MMpYMiwVp,_^XYriy" intask="true"><field name="NUM">0</field></block></value></block><block type="robGlobalVariables_declare" id="~^,Q:V@kIEIM9j1Qln?]" intask="true" deletable="false" movable="false"><mutation next="false" declaration_type="Number"></mutation><field name="VAR">Element</field><field name="TYPE">Number</field><value name="VALUE"><block type="math_number" id="`K-y3O#PbOvOV[BE=w@W" intask="true"><field name="NUM">0</field></block></value></block></statement></block><block type="robControls_loopForever" id="z3dlwujgZm-X+GI[7D]J" intask="true"><statement name="DO"><block type="robControls_wait_time" id="IL~*GoD{%MDF^Ko+g[]^" intask="true"><value name="WAIT"><block type="math_number" id="17sKW01a~Vy+.`Awe`8c" intask="true"><field name="NUM">30</field></block></value></block><block type="mbedActions_write_to_pin" id="5sL,8kF:tjI36Ze;Qb/O" intask="true"><mutation protocol="DIGITAL"></mutation><field name="VALUETYPE">DIGITAL</field><field name="PIN">Trigger</field><value name="VALUE"><block type="math_number" id="[QL(4GvrL9eFp^U-~(n[" intask="true"><field name="NUM">1</field></block></value></block><block type="robControls_wait_time" id="-^gOluNcjF{2G}!mAhsr" intask="true"><value name="WAIT"><block type="math_number" id="[.T,`Wwl;rAVO,9HP07G" intask="true"><field name="NUM">0.1</field></block></value></block><block type="mbedActions_write_to_pin" id="GCfPFb-ow-NUH4w2Gq9(" intask="true"><mutation protocol="DIGITAL"></mutation><field name="VALUETYPE">DIGITAL</field><field name="PIN">Trigger</field><value name="VALUE"><block type="math_number" id="d/4YALNG:n-G%Y4wQ;QP" intask="true"><field name="NUM">0</field></block></value></block><block type="variables_set" id="UXWk]OS9vE2DALl_=X2v" intask="true"><mutation datatype="Number"></mutation><field name="VAR">Entfernung</field><value name="VALUE"><block type="math_arithmetic" id="NcTq4zb)H-tzbh/34zR_" intask="true"><field name="OP">DIVIDE</field><value name="A"><block type="robSensors_pin_getSample" id="#vPS2uhk1+!FMs@hC/%;" intask="true"><mutation mode="DIGITAL"></mutation><field name="MODE">PULSEHIGH</field><field name="SENSORPORT">Echo</field><field name="SLOT"></field></block></value><value name="B"><block type="math_number" id="N|C3OnDmnllJAj9v9;ux" intask="true"><field name="NUM">58</field></block></value></block></value></block><block type="robControls_ifElse" id="E0(#P((+xeDys02p]EZW" intask="true"><mutation elseif="4" else="1"></mutation><repetitions><value name="IF0"><block type="logic_compare" id="!OpWcmS.UOh9t}%+UVDX" intask="true"><field name="OP">GT</field><value name="A"><block type="variables_get" id="%L:EiIVP(_sb966S5ebT" intask="true"><mutation datatype="Number"></mutation><field name="VAR">Entfernung</field></block></value><value name="B"><block type="math_number" id="Jm%HSb0}1yPI2RldU1m)" intask="true"><field name="NUM">20</field></block></value></block></value><statement name="DO0"><block type="mbedActions_display_image" id="qM|}%!p:n|Gp#GUI?C}@" intask="true"><mutation type="IMAGE"></mutation><field name="TYPE">IMAGE</field><value name="VALUE"><block type="mbedImage_image" id="XY4C|GBF^`FesV_c)X67" intask="true"><field name="P00"></field><field name="P10">#</field><field name="P20">#</field><field name="P30">#</field><field name="P40"></field><field name="P01"></field><field name="P11">#</field><field name="P21">#</field><field name="P31">#</field><field name="P41"></field><field name="P02"></field><field name="P12">#</field><field name="P22">#</field><field name="P32">#</field><field name="P42"></field><field name="P03"></field><field name="P13">#</field><field name="P23">#</field><field name="P33">#</field><field name="P43"></field><field name="P04"></field><field name="P14">#</field><field name="P24">#</field><field name="P34">#</field><field name="P44"></field></block></value></block></statement><value name="IF1"><block type="logic_compare" id="jN~eJ,V%kTb0=H!13k^b" intask="true"><field name="OP">GT</field><value name="A"><block type="variables_get" id="Y33kaLl+^{FxC|{pT}J^" intask="true"><mutation datatype="Number"></mutation><field name="VAR">Entfernung</field></block></value><value name="B"><block type="math_number" id="S5|dN[jYK+qT6Tz)%488" intask="true"><field name="NUM">15</field></block></value></block></value><statement name="DO1"><block type="mbedActions_display_image" id="3qI,:7hE5.Q:HF:coXk/" intask="true"><mutation type="IMAGE"></mutation><field name="TYPE">IMAGE</field><value name="VALUE"><block type="mbedImage_image" id="m)tBJC_o%7E?4qjA1H|j" intask="true"><field name="P00"></field><field name="P10"></field><field name="P20"></field><field name="P30"></field><field name="P40"></field><field name="P01"></field><field name="P11">#</field><field name="P21">#</field><field name="P31">#</field><field name="P41"></field><field name="P02"></field><field name="P12">#</field><field name="P22">#</field><field name="P32">#</field><field name="P42"></field><field name="P03"></field><field name="P13">#</field><field name="P23">#</field><field name="P33">#</field><field name="P43"></field><field name="P04"></field><field name="P14">#</field><field name="P24">#</field><field name="P34">#</field><field name="P44"></field></block></value></block></statement><value name="IF2"><block type="logic_compare" id="]qiMXP%5CeAB?L@V]U.e" intask="true"><field name="OP">GT</field><value name="A"><block type="variables_get" id="cFzx=Rtkd2^hzmnsxF+r" intask="true"><mutation datatype="Number"></mutation><field name="VAR">Entfernung</field></block></value><value name="B"><block type="math_number" id="K]H28^umVxPA.PKgZ2M6" intask="true"><field name="NUM">10</field></block></value></block></value><statement name="DO2"><block type="mbedActions_display_image" id="E[gQ@;:!)|N~}Z#pSXTj" intask="true"><mutation type="IMAGE"></mutation><field name="TYPE">IMAGE</field><value name="VALUE"><block type="mbedImage_image" id="!wbxnGvrF0_y?CiIIo5|" intask="true"><field name="P00"></field><field name="P10"></field><field name="P20"></field><field name="P30"></field><field name="P40"></field><field name="P01"></field><field name="P11"></field><field name="P21"></field><field name="P31"></field><field name="P41"></field><field name="P02"></field><field name="P12">#</field><field name="P22">#</field><field name="P32">#</field><field name="P42"></field><field name="P03"></field><field name="P13">#</field><field name="P23">#</field><field name="P33">#</field><field name="P43"></field><field name="P04"></field><field name="P14">#</field><field name="P24">#</field><field name="P34">#</field><field name="P44"></field></block></value></block></statement><value name="IF3"><block type="logic_compare" id="zgsQULYr3]urc9ea}:}?" intask="true"><field name="OP">GT</field><value name="A"><block type="variables_get" id="J%uW8gueUZsRCXX/wII~" intask="true"><mutation datatype="Number"></mutation><field name="VAR">Entfernung</field></block></value><value name="B"><block type="math_number" id="q%`u:ld3b,[!#k2aSM;y" intask="true"><field name="NUM">5</field></block></value></block></value><statement name="DO3"><block type="mbedActions_display_image" id="^4!oYB:6@1d#N2EC}v,F" intask="true"><mutation type="IMAGE"></mutation><field name="TYPE">IMAGE</field><value name="VALUE"><block type="mbedImage_image" id="}@p1EyQ,J2J%%wbg|,Mr" intask="true"><field name="P00"></field><field name="P10"></field><field name="P20"></field><field name="P30"></field><field name="P40"></field><field name="P01"></field><field name="P11"></field><field name="P21"></field><field name="P31"></field><field name="P41"></field><field name="P02"></field><field name="P12"></field><field name="P22"></field><field name="P32"></field><field name="P42"></field><field name="P03"></field><field name="P13">#</field><field name="P23">#</field><field name="P33">#</field><field name="P43"></field><field name="P04"></field><field name="P14">#</field><field name="P24">#</field><field name="P34">#</field><field name="P44"></field></block></value></block><block type="mbedActions_play_tone" id="?bIa=,pD,hm4nh_qLT;?" intask="true"><field name="ACTORPORT">_B</field><hide name="ACTORPORT" value="_B"></hide><value name="FREQUENCE"><block type="math_number" id="*A59_RXQRhR-|+UOcf0C" intask="true"><field name="NUM">500</field></block></value><value name="DURATION"><block type="math_number" id="a9H2M=X*%.6J}si9x}+D" intask="true"><field name="NUM">800</field></block></value></block></statement><value name="IF4"><block type="logic_compare" id="2S0Bo@.cZ_|L[Wy@1{[7" intask="true"><field name="OP">GT</field><value name="A"><block type="variables_get" id="3ah%f%r~WMQnTJbsAM0;" intask="true"><mutation datatype="Number"></mutation><field name="VAR">Entfernung</field></block></value><value name="B"><block type="math_number" id="B,8tJ?KD7kQeJus5cUY*" intask="true"><field name="NUM">3</field></block></value></block></value><statement name="DO4"><block type="mbedActions_display_image" id="O}bVcwPC}-W.8{u@NI?/" intask="true"><mutation type="IMAGE"></mutation><field name="TYPE">IMAGE</field><value name="VALUE"><block type="mbedImage_image" id="uYgcpBVlk_xWWf}Ra2_," intask="true"><field name="P00"></field><field name="P10"></field><field name="P20"></field><field name="P30"></field><field name="P40"></field><field name="P01"></field><field name="P11"></field><field name="P21"></field><field name="P31"></field><field name="P41"></field><field name="P02"></field><field name="P12"></field><field name="P22"></field><field name="P32"></field><field name="P42"></field><field name="P03"></field><field name="P13"></field><field name="P23"></field><field name="P33"></field><field name="P43"></field><field name="P04"></field><field name="P14">#</field><field name="P24">#</field><field name="P34">#</field><field name="P44"></field></block></value></block><block type="mbedActions_play_tone" id="}/?2[:)XY^h6-5}Yy14i" intask="true"><field name="ACTORPORT">_B</field><hide name="ACTORPORT" value="_B"></hide><value name="FREQUENCE"><block type="math_number" id="!f_q4wY}0nC[usTdveCs" intask="true"><field name="NUM">1000</field></block></value><value name="DURATION"><block type="math_number" id="J6q^|=BY|oOqLQrh[;az" intask="true"><field name="NUM">200</field></block></value></block></statement><statement name="ELSE"><block type="mbedActions_display_image" id="SHs/@DwuQaIdP.*}4ia5" intask="true"><mutation type="IMAGE"></mutation><field name="TYPE">IMAGE</field><value name="VALUE"><block type="mbedImage_image" id="RIfdJrZ?][L~UqU--;0D" intask="true"><field name="P00"></field><field name="P10"></field><field name="P20"></field><field name="P30"></field><field name="P40"></field><field name="P01"></field><field name="P11"></field><field name="P21"></field><field name="P31"></field><field name="P41"></field><field name="P02"></field><field name="P12"></field><field name="P22"></field><field name="P32"></field><field name="P42"></field><field name="P03"></field><field name="P13"></field><field name="P23"></field><field name="P33"></field><field name="P43"></field><field name="P04"></field><field name="P14"></field><field name="P24">#</field><field name="P34"></field><field name="P44"></field></block></value></block><block type="mbedActions_play_tone" id="WFG6ioq;QkaUa4zfd2H/" intask="true"><field name="ACTORPORT">_B</field><hide name="ACTORPORT" value="_B"></hide><value name="FREQUENCE"><block type="math_number" id="CBZ6tSh9TMr2+?6a{yN!" intask="true"><field name="NUM">1000</field></block></value><value name="DURATION"><block type="math_number" id="U,Y^,RlhDT@~{`bfO2NT" intask="true"><field name="NUM">100</field></block></value></block></statement></repetitions></block></statement></block></instance></block_set></program><config><block_set robottype="calliope" xmlversion="3.1" description="" tags="" xmlns="http://de.fhg.iais.roberta.blockly"><instance x="211" y="313"><block type="robConf_key" id="Kbp:=x@gw@n.b~NH|1|e" intask="true" deletable="false"><field name="NAME">A</field><field name="PIN1">A</field></block></instance><instance x="211" y="163"><block type="robConf_key" id="~wk*JZQvB.fj=I`N#NWp" intask="true" deletable="false"><field name="NAME">B</field><field name="PIN1">B</field></block></instance><instance x="325" y="311"><block type="robConf_accelerometer" id="#(ufvG,s^FcqI,aFn/A{" intask="true" deletable="false"><field name="NAME">_A</field></block></instance><instance x="211" y="493"><block type="robConf_buzzer" id="}%d2_68IJd*7Oy{qrMR," intask="true" deletable="false"><field name="NAME">_B</field></block></instance><instance x="325" y="282"><block type="robConf_compass" id="O%Oi0Tq`hGEvrgHGPYY=" intask="true" deletable="false"><field name="NAME">_C</field></block></instance><instance x="817" y="225"><block type="robConf_digitalout" id="5mJ5~}eU/6*6:4EL(1P-" intask="true"><field name="NAME">Echo</field><field name="PIN1">C17</field></block></instance><instance x="325" y="254"><block type="robConf_gyro" id="lIT?C5y|(7FWCQIUn~pc" intask="true" deletable="false"><field name="NAME">_G</field></block></instance><instance x="442" y="233"><block type="robConf_light" id="9Ktt(7_4+XmKC0]5Zha?" intask="true" deletable="false"><field name="NAME">_L</field></block></instance><instance x="769" y="96"><block type="robConf_digitalin" id="[ub~Rm?oPv-^3qkG`Nds" intask="true"><field name="NAME">Trigger</field><field name="PIN1">C16</field></block></instance><instance x="211" y="465"><block type="robConf_rgbled" id="lgi%C3,J!smR:eP0aal_" intask="true" deletable="false"><field name="NAME">_R</field></block></instance><instance x="442" y="205"><block type="robConf_sound" id="e:4V0FcDx%9,.7xO,Ns@" intask="true" deletable="false"><field name="NAME">_S</field></block></instance><instance x="325" y="421"><block type="robConf_temperature" id="0y].dnS)P)~Jjzeu3/0C" intask="true" deletable="false"><field name="NAME">_T</field></block></instance></block_set></config></export>