<export xmlns="http://de.fhg.iais.roberta.blockly"><program><block_set xmlns="http://de.fhg.iais.roberta.blockly" robottype="calliope" xmlversion="3.1" description="" tags=""><instance x="190" y="-108"><block type="robProcedures_defnoreturn" id="IKUjGZx/OQONt|i}ZJQw" intask="true"><mutation declare="false"></mutation><field name="NAME">null_</field><statement name="STACK"><block type="mbedActions_write_to_pin" id="xlT5(H}rovT;E-s74aQy" intask="true"><mutation protocol="DIGITAL"></mutation><field name="VALUETYPE">DIGITAL</field><field name="PIN">P1</field><value name="VALUE"><block type="math_number" id="oIe_^OtY:dQsS@nbz.E(" intask="true"><field name="NUM">1</field></block></value></block><block type="robProcedures_callnoreturn" id="IZ`=2YwU%hqKiRm|g6;J" intask="true"><mutation name="kurz"></mutation></block><block type="mbedActions_write_to_pin" id="Y~)G[+cMKvUG-R|#b~e," intask="true"><mutation protocol="DIGITAL"></mutation><field name="VALUETYPE">DIGITAL</field><field name="PIN">P1</field><value name="VALUE"><block type="math_number" id="q4bAg2^=QNr.V;4HD`;6" intask="true"><field name="NUM">0</field></block></value></block><block type="robProcedures_callnoreturn" id="M!VGPHr)e6sweV:};fkE" intask="true"><mutation name="lang"></mutation></block><block type="mbedActions_write_to_pin" id="v(OXRJz[~^:.N0q3=O%m" intask="true"><mutation protocol="DIGITAL"></mutation><field name="VALUETYPE">DIGITAL</field><field name="PIN">P1</field><value name="VALUE"><block type="math_number" id="}(GIs;=X8`1q?E/:HE1b" intask="true"><field name="NUM">1</field></block></value></block><block type="robProcedures_callnoreturn" id="K+B0l9U50-BO[wjzhgX(" intask="true"><mutation name="lang"></mutation></block><block type="mbedActions_write_to_pin" id="V2STp1ObabfM~Z#-0!B}" intask="true"><mutation protocol="DIGITAL"></mutation><field name="VALUETYPE">DIGITAL</field><field name="PIN">P1</field><value name="VALUE"><block type="math_number" id="XK6QoPwVai9.Ji^U(tiW" intask="true"><field name="NUM">0</field></block></value></block><block type="robProcedures_callnoreturn" id="dYq6l?u(qv=J~Pv7k/}?" intask="true"><mutation name="kurz"></mutation></block></statement></block></instance><instance x="602" y="-111"><block type="robProcedures_defnoreturn" id=")4Rz}G}cXnJp_@Nb^ZH9" intask="true"><mutation declare="false"></mutation><field name="NAME">eins_</field><statement name="STACK"><block type="mbedActions_write_to_pin" id="@`r4jq*-PS.aLDCL[^@C" intask="true"><mutation protocol="DIGITAL"></mutation><field name="VALUETYPE">DIGITAL</field><field name="PIN">P1</field><value name="VALUE"><block type="math_number" id=".Ja~huvxjVY4B51-xN{_" intask="true"><field name="NUM">1</field></block></value></block><block type="robProcedures_callnoreturn" id="[gHW-f/m*nW;-8ea@aru" intask="true"><mutation name="kurz"></mutation></block><block type="mbedActions_write_to_pin" id="7T[uH@,@b5I?{5uoLE6H" intask="true"><mutation protocol="DIGITAL"></mutation><field name="VALUETYPE">DIGITAL</field><field name="PIN">P1</field><value name="VALUE"><block type="math_number" id="O.KqvtRjIhtBG=n1~ci0" intask="true"><field name="NUM">0</field></block></value></block><block type="robProcedures_callnoreturn" id="Ev1cXy7U`mFf~kDS}epv" intask="true"><mutation name="lang"></mutation></block><block type="mbedActions_write_to_pin" id="d9m@6(PYVtLw_z!lSIpn" intask="true"><mutation protocol="DIGITAL"></mutation><field name="VALUETYPE">DIGITAL</field><field name="PIN">P1</field><value name="VALUE"><block type="math_number" id="Hf4VJ+(r{1W=(d;8tJLS" intask="true"><field name="NUM">1</field></block></value></block><block type="robProcedures_callnoreturn" id="#GmXftsZ5):GTz9:8W+T" intask="true"><mutation name="kurz"></mutation></block><block type="mbedActions_write_to_pin" id="gA/:A34n;McG0?+p;@c{" intask="true"><mutation protocol="DIGITAL"></mutation><field name="VALUETYPE">DIGITAL</field><field name="PIN">P1</field><value name="VALUE"><block type="math_number" id="9I75B()h|8G?[if0%L3*" intask="true"><field name="NUM">0</field></block></value></block><block type="robProcedures_callnoreturn" id="%ux{r5~q.^VpkredMLVS" intask="true"><mutation name="lang"></mutation></block></statement></block></instance><instance x="960" y="-55"><block type="robProcedures_defnoreturn" id="HfgJ|jo_;Iq?2F=0.aeZ" intask="true"><mutation declare="false"></mutation><field name="NAME">lang</field><statement name="STACK"><block type="robControls_wait_time" id="J7t(I%IsLxXe[jC|g}W?" intask="true"><value name="WAIT"><block type="math_number" id="wJ0ou7l6lCLJX8][B=lO" intask="true"><field name="NUM">1</field></block></value></block></statement></block></instance><instance x="1153" y="-54"><block type="robProcedures_defnoreturn" id="ODXKWy(PYx6CPu{/%|1J" intask="true"><mutation declare="false"></mutation><field name="NAME">kurz</field><statement name="STACK"><block type="robControls_wait_time" id="Pu:GyR5Sx{@Hb2OU+D7X" intask="true"><value name="WAIT"><block type="math_number" id="kSPhuvAo?Emfb#w!X-#0" intask="true"><field name="NUM">0.4</field></block></value></block></statement></block></instance><instance x="181" y="163"><block type="robProcedures_defnoreturn" id="Kty?.~L_2LX14*mzzk9:" intask="true"><mutation declare="false"></mutation><field name="NAME">hauscode</field><statement name="STACK"><block type="robProcedures_callnoreturn" id="pg;cd.CSc.:)Jpw.+t)u" intask="true"><mutation name="eins_"></mutation></block><block type="robProcedures_callnoreturn" id="G~[(hVSh{V`3,i=K;IY7" intask="true"><mutation name="null_"></mutation></block><block type="robProcedures_callnoreturn" id="]j1,gE_X:fX7Fh8U8qCw" intask="true"><mutation name="eins_"></mutation></block><block type="robProcedures_callnoreturn" id="TZ]M/{].;SMuv%G[~e]L" intask="true"><mutation name="eins_"></mutation></block><block type="robProcedures_callnoreturn" id="26Yt0T~}/m2Tz*b6kL.^" intask="true"><mutation name="eins_"></mutation></block></statement></block></instance><instance x="421" y="165"><block type="robProcedures_defnoreturn" id="e3[2-/YB+vQIWu]UiW;I" intask="true"><mutation declare="false"></mutation><field name="NAME">geraetecode</field><statement name="STACK"><block type="robProcedures_callnoreturn" id="7SX?3I?~(K{_(=*bUJLx" intask="true"><mutation name="eins_"></mutation></block><block type="robProcedures_callnoreturn" id="(aL6+m`D-JFa#n[06Dm(" intask="true"><mutation name="null_"></mutation></block><block type="robProcedures_callnoreturn" id="0(PD/rBaJK2;i2lR+`:]" intask="true"><mutation name="null_"></mutation></block><block type="robProcedures_callnoreturn" id="/d11j%n4A%IYiGnaY)Pp" intask="true"><mutation name="null_"></mutation></block><block type="robProcedures_callnoreturn" id="5+}9-,7FlI.+)2U@LZHh" intask="true"><mutation name="null_"></mutation></block></statement></block></instance><instance x="632" y="161"><block type="robProcedures_defnoreturn" id="C9ka5#!:zlThKK~.8VBN" intask="true"><mutation declare="false"></mutation><field name="NAME">anschalten</field><statement name="STACK"><block type="robProcedures_callnoreturn" id="c`(!t}FNewc~O{TyYLc+" intask="true"><mutation name="eins_"></mutation></block><block type="robProcedures_callnoreturn" id="P;dWE/]HLF}5r7fIF]sp" intask="true"><mutation name="null_"></mutation></block></statement></block></instance><instance x="794" y="157"><block type="robProcedures_defnoreturn" id="RA{1u(k!*0_FF0ov?M{i" intask="true"><mutation declare="false"></mutation><field name="NAME">ausschalten</field><statement name="STACK"><block type="robProcedures_callnoreturn" id="%:LUH!p4]TK9#TD^v?sr" intask="true"><mutation name="null_"></mutation></block><block type="robProcedures_callnoreturn" id="9UqemIt,tf^pgb(fyUl(" intask="true"><mutation name="eins_"></mutation></block></statement></block></instance><instance x="965" y="158"><block type="robProcedures_defnoreturn" id="?X@;[/KQlf038*G?lsK2" intask="true"><mutation declare="false"></mutation><field name="NAME">sync</field><statement name="STACK"><block type="mbedActions_write_to_pin" id="mAL`#`Z0#*c7Id`FyDx4" intask="true"><mutation protocol="DIGITAL"></mutation><field name="VALUETYPE">DIGITAL</field><field name="PIN">P1</field><value name="VALUE"><block type="math_number" id="j/:_3zyL:;~+yi;lzaQ^" intask="true"><field name="NUM">1</field></block></value></block><block type="robProcedures_callnoreturn" id="u~S%)ElHfWV1qXUlcp9:" intask="true"><mutation name="kurz"></mutation></block><block type="mbedActions_write_to_pin" id="0n(8(/a8/]EsxIbUBvfY" intask="true"><mutation protocol="DIGITAL"></mutation><field name="VALUETYPE">DIGITAL</field><field name="PIN">P1</field><value name="VALUE"><block type="math_number" id="6OPkq(g#%d2QKd0bo62c" intask="true"><field name="NUM">0</field></block></value></block><block type="robProcedures_callnoreturn" id="Cm%q1Odqh(GG%(LB?Mpp" intask="true"><mutation name="lang"></mutation></block><block type="robControls_wait_time" id="d8lFYpU6%54]7^K.WVsL" intask="true"><value name="WAIT"><block type="math_number" id="ZrbM2EX28J@q1h9.}_]?" intask="true"><field name="NUM">1</field></block></value></block></statement></block></instance><instance x="664" y="333"><block type="robControls_start" id="_rDhN8z^O/M_R.P-x5#U" intask="true" deletable="false"><mutation declare="false"></mutation><field name="DEBUG"></field></block><block type="robControls_loopForever" id="JnbjgW8f;iV0]!#:w}cY" intask="true"><statement name="DO"><block type="robControls_if" id="7T33UHb%d#GqB8N|`#HF" intask="true"><value name="IF0"><block type="robSensors_key_getSample" id="([UXbplr*{F;06o,DAqG" intask="true"><mutation mode="PRESSED"></mutation><field name="MODE">PRESSED</field><field name="SENSORPORT">A</field><field name="SLOT"></field></block></value><statement name="DO0"><block type="robProcedures_callnoreturn" id="hqXI%Vse/ziS%3P5qg{0" intask="true"><mutation name="hauscode"></mutation></block><block type="robProcedures_callnoreturn" id="5yQI|+q;d*~)4ScX6[D8" intask="true"><mutation name="geraetecode"></mutation></block><block type="robProcedures_callnoreturn" id="@)rLC^rL;G-Gj_m|n7[P" intask="true"><mutation name="anschalten"></mutation></block><block type="robProcedures_callnoreturn" id="7aCV?J2ocMY#(WVD:YNs" intask="true"><mutation name="sync"></mutation></block><block type="mbedActions_display_image" id="%C/1B0TCOK^-p|rRGz4m" intask="true"><mutation type="IMAGE"></mutation><field name="TYPE">IMAGE</field><value name="VALUE"><block type="mbedImage_image" id="HX:Js;iM9M#RFGTs1Isp" intask="true"><field name="P00">#</field><field name="P10"></field><field name="P20"></field><field name="P30"></field><field name="P40"></field><field name="P01">#</field><field name="P11"></field><field name="P21"></field><field name="P31"></field><field name="P41"></field><field name="P02"></field><field name="P12"></field><field name="P22"></field><field name="P32"></field><field name="P42"></field><field name="P03"></field><field name="P13"></field><field name="P23"></field><field name="P33"></field><field name="P43"></field><field name="P04"></field><field name="P14"></field><field name="P24"></field><field name="P34"></field><field name="P44"></field></block></value></block><block type="robControls_wait_time" id="*Ofgs3D)w{hV}R[MDme~" intask="true"><value name="WAIT"><block type="math_number" id="u_|2LmHIJyFLTDHLWUCB" intask="true"><field name="NUM">200</field></block></value></block></statement></block><block type="robControls_if" id="l}s%KdIHS?,pi;=xjKe-" intask="true"><value name="IF0"><block type="robSensors_key_getSample" id="5+rVnON*PFbHIs9UV8vW" intask="true"><mutation mode="PRESSED"></mutation><field name="MODE">PRESSED</field><field name="SENSORPORT">B</field><field name="SLOT"></field></block></value><statement name="DO0"><block type="robProcedures_callnoreturn" id="jV68D4).O2xvUY)NXLN7" intask="true"><mutation name="hauscode"></mutation></block><block type="robProcedures_callnoreturn" id="?MEtRGN9U*|0]!d`V##3" intask="true"><mutation name="geraetecode"></mutation></block><block type="robProcedures_callnoreturn" id="dlm}k!Himoe{gJ/VjA3Z" intask="true"><mutation name="ausschalten"></mutation></block><block type="robProcedures_callnoreturn" id="VD0Y6#}Yv5*:L|@KyRR~" intask="true"><mutation name="sync"></mutation></block><block type="mbedActions_display_image" id="gQ7qR1FhtPxld?J_gf6#" intask="true"><mutation type="IMAGE"></mutation><field name="TYPE">IMAGE</field><value name="VALUE"><block type="mbedImage_image" id="q30XHp,.[tTGhWNvR:R[" intask="true"><field name="P00">#</field><field name="P10"></field><field name="P20"></field><field name="P30"></field><field name="P40"></field><field name="P01"></field><field name="P11"></field><field name="P21"></field><field name="P31"></field><field name="P41">#</field><field name="P02"></field><field name="P12"></field><field name="P22"></field><field name="P32"></field><field name="P42"></field><field name="P03"></field><field name="P13"></field><field name="P23"></field><field name="P33"></field><field name="P43"></field><field name="P04"></field><field name="P14"></field><field name="P24"></field><field name="P34"></field><field name="P44"></field></block></value></block><block type="robControls_wait_time" id="T{4rchZU81gZqX/5m^=S" intask="true"><value name="WAIT"><block type="math_number" id="/4CN*Rr*sxdx:j^S8PbZ" intask="true"><field name="NUM">200</field></block></value></block></statement></block></statement></block></instance></block_set></program><config><block_set robottype="calliope" xmlversion="3.1" description="" tags="" xmlns="http://de.fhg.iais.roberta.blockly"><instance x="618" y="59"><block type="robConf_digitalin" id="P1" inline="false" intask="true"><field name="NAME">P1</field><field name="PIN1">1</field></block></instance><instance x="-34" y="270"><block type="robConf_key" id="Kbp:=x@gw@n.b~NH|1|e" intask="true" deletable="false"><field name="NAME">A</field><field name="PIN1">A</field></block></instance><instance x="-34" y="120"><block type="robConf_key" id="~wk*JZQvB.fj=I`N#NWp" intask="true" deletable="false"><field name="NAME">B</field><field name="PIN1">B</field></block></instance><instance x="80" y="268"><block type="robConf_accelerometer" id="#(ufvG,s^FcqI,aFn/A{" intask="true" deletable="false"><field name="NAME">_A</field></block></instance><instance x="-34" y="422"><block type="robConf_rgbled" id="lgi%C3,J!smR:eP0aal_" intask="true" deletable="false"><field name="NAME">_R</field></block></instance><instance x="-34" y="450"><block type="robConf_buzzer" id="}%d2_68IJd*7Oy{qrMR," intask="true" deletable="false"><field name="NAME">_B</field></block></instance><instance x="197" y="162"><block type="robConf_sound" id="e:4V0FcDx%9,.7xO,Ns@" intask="true" deletable="false"><field name="NAME">_S</field></block></instance><instance x="80" y="239"><block type="robConf_compass" id="O%Oi0Tq`hGEvrgHGPYY=" intask="true" deletable="false"><field name="NAME">_C</field></block></instance><instance x="80" y="378"><block type="robConf_temperature" id="0y].dnS)P)~Jjzeu3/0C" intask="true" deletable="false"><field name="NAME">_T</field></block></instance><instance x="80" y="211"><block type="robConf_gyro" id="lIT?C5y|(7FWCQIUn~pc" intask="true" deletable="false"><field name="NAME">_G</field></block></instance><instance x="197" y="190"><block type="robConf_light" id="9Ktt(7_4+XmKC0]5Zha?" intask="true" deletable="false"><field name="NAME">_L</field></block></instance></block_set></config></export>