<export xmlns="http://de.fhg.iais.roberta.blockly"><program><block_set xmlns="http://de.fhg.iais.roberta.blockly" robottype="calliope" xmlversion="3.1" description="" tags=""><instance x="359" y="-51"><block type="robControls_start" id="A*SZo!?5yeWNf!r7U`nn" intask="true" deletable="false"><mutation declare="true"></mutation><field name="DEBUG"></field><statement name="ST"><block type="robGlobalVariables_declare" id="OgnD7+UB3(G]OOENh6c*" intask="true" deletable="false" movable="false"><mutation next="false" declaration_type="Number"></mutation><field name="VAR">wert</field><field name="TYPE">Number</field><value name="VALUE"><block type="math_number" id="fLn?^MY;ShFjJTNh`w~l" intask="true"><field name="NUM">0</field></block></value></block></statement></block><block type="robControls_loopForever" id="ba4I#Tv8U`(+S|?6-1s2" intask="true"><statement name="DO"><block type="variables_set" id="0x%[yB)JG=}hf4b7ne7N" intask="true"><mutation datatype="Number"></mutation><field name="VAR">wert</field><value name="VALUE"><block type="math_arithmetic" id="p6`1d(fa@9RAwY]CCokD" intask="true"><field name="OP">MULTIPLY</field><value name="A"><block type="math_arithmetic" id="~~L4%+UH.`Q,,TUAqMTY" intask="true"><field name="OP">DIVIDE</field><value name="A"><block type="robSensors_pin_getSample" id="y}j2B4:(3tLztXAw#obX" intask="true"><mutation mode="ANALOG"></mutation><field name="MODE">ANALOG</field><field name="SENSORPORT">A1</field><field name="SLOT"></field></block></value><value name="B"><block type="math_number" id="X2^://[C.%E*B0#1O;+h" intask="true"><field name="NUM">1024</field></block></value></block></value><value name="B"><block type="math_number" id="d]*?:Yi+i%rwe+By``gQ" intask="true"><field name="NUM">60</field></block></value></block></value></block><block type="robControls_if" id="M1DM7#WhM`YNp~/giCE3" intask="true"><mutation elseif="5"></mutation><repetitions><value name="IF0"><block type="logic_compare" id="PM8z=!0m}e3`:F9wd^Of" intask="true"><field name="OP">GTE</field><value name="A"><block type="variables_get" id="=BejkQ(oiYnYWxyb{E2-" intask="true"><mutation datatype="Number"></mutation><field name="VAR">wert</field></block></value><value name="B"><block type="math_number" id="CNX/ffa)LRbE)D97[LEr" intask="true"><field name="NUM">50</field></block></value></block></value><statement name="DO0"><block type="mbedActions_display_image" id="y[mq2sKZ*?^0gpURITCG" intask="true"><mutation type="IMAGE"></mutation><field name="TYPE">IMAGE</field><value name="VALUE"><block type="mbedImage_image" id="*PCQ4h_H(7sxSzZLm?*;" intask="true"><field name="P00"></field><field name="P10">#</field><field name="P20">#</field><field name="P30">#</field><field name="P40"></field><field name="P01"></field><field name="P11">#</field><field name="P21">#</field><field name="P31">#</field><field name="P41"></field><field name="P02"></field><field name="P12">#</field><field name="P22">#</field><field name="P32">#</field><field name="P42"></field><field name="P03"></field><field name="P13">#</field><field name="P23">#</field><field name="P33">#</field><field name="P43"></field><field name="P04"></field><field name="P14">#</field><field name="P24">#</field><field name="P34">#</field><field name="P44"></field></block></value></block><block type="mbedActions_play_tone" id="9{o#SbSza4kg,EPKo{BT" intask="true"><field name="ACTORPORT">_B</field><hide name="ACTORPORT" value="_B"></hide><value name="FREQUENCE"><block type="math_number" id="clOWBOm*a}s:2AS%)Q6." intask="true"><field name="NUM">1000</field></block></value><value name="DURATION"><block type="math_number" id="^k@Hly=jJ7I59C*n1#J:" intask="true"><field name="NUM">100</field></block></value></block></statement><value name="IF1"><block type="logic_compare" id="(4d-DJd3URZa;xd/=h~-" intask="true"><field name="OP">GTE</field><value name="A"><block type="variables_get" id="T.CNr?=*C*x]leB{b6R-" intask="true"><mutation datatype="Number"></mutation><field name="VAR">wert</field></block></value><value name="B"><block type="math_number" id="ich=_zOPr3v*4OnJUr3I" intask="true"><field name="NUM">40</field></block></value></block></value><statement name="DO1"><block type="mbedActions_display_image" id="9JrJjJwPA6LoF:_sN^TY" intask="true"><mutation type="IMAGE"></mutation><field name="TYPE">IMAGE</field><value name="VALUE"><block type="mbedImage_image" id="N4B*MsUtxq73!K%ix53o" intask="true"><field name="P00"></field><field name="P10"></field><field name="P20"></field><field name="P30"></field><field name="P40"></field><field name="P01"></field><field name="P11">#</field><field name="P21">#</field><field name="P31">#</field><field name="P41"></field><field name="P02"></field><field name="P12">#</field><field name="P22">#</field><field name="P32">#</field><field name="P42"></field><field name="P03"></field><field name="P13">#</field><field name="P23">#</field><field name="P33">#</field><field name="P43"></field><field name="P04"></field><field name="P14">#</field><field name="P24">#</field><field name="P34">#</field><field name="P44"></field></block></value></block><block type="mbedActions_play_tone" id="%vFrXbe}Y~0Ci-6oE:ti" intask="true"><field name="ACTORPORT">_B</field><hide name="ACTORPORT" value="_B"></hide><value name="FREQUENCE"><block type="math_number" id="~3W~gZ-r%^5P/*-C}x@n" intask="true"><field name="NUM">500</field></block></value><value name="DURATION"><block type="math_number" id="{z/!RPT-MnQyp/4c;dB]" intask="true"><field name="NUM">100</field></block></value></block></statement><value name="IF2"><block type="logic_compare" id="Guly:q4O+_W]mJ(!=z%Q" intask="true"><field name="OP">GTE</field><value name="A"><block type="variables_get" id="Mh!~aN{a9(hg(lHEw5@d" intask="true"><mutation datatype="Number"></mutation><field name="VAR">wert</field></block></value><value name="B"><block type="math_number" id="75w8Gu:kHBXkS@E.Gi#h" intask="true"><field name="NUM">30</field></block></value></block></value><statement name="DO2"><block type="mbedActions_display_image" id="p~X3fo+Ssm0uZp@m(?B%" intask="true"><mutation type="IMAGE"></mutation><field name="TYPE">IMAGE</field><value name="VALUE"><block type="mbedImage_image" id="4Gqf.rG?.(S@fvU-A?[B" intask="true"><field name="P00"></field><field name="P10"></field><field name="P20"></field><field name="P30"></field><field name="P40"></field><field name="P01"></field><field name="P11"></field><field name="P21"></field><field name="P31"></field><field name="P41"></field><field name="P02"></field><field name="P12">#</field><field name="P22">#</field><field name="P32">#</field><field name="P42"></field><field name="P03"></field><field name="P13">#</field><field name="P23">#</field><field name="P33">#</field><field name="P43"></field><field name="P04"></field><field name="P14">#</field><field name="P24">#</field><field name="P34">#</field><field name="P44"></field></block></value></block><block type="mbedActions_play_tone" id="(VLvOUuO/3IL*lAI}gpE" intask="true"><field name="ACTORPORT">_B</field><hide name="ACTORPORT" value="_B"></hide><value name="FREQUENCE"><block type="math_number" id="4OAqk53PnjDksCbX_BTb" intask="true"><field name="NUM">100</field></block></value><value name="DURATION"><block type="math_number" id="}qVIXZGrQm`0|%qP8,HT" intask="true"><field name="NUM">100</field></block></value></block></statement><value name="IF3"><block type="logic_compare" id="J)m+x;4A?J^b-_i?k:8y" intask="true"><field name="OP">GTE</field><value name="A"><block type="variables_get" id="ls3)u6a7DX[{lw,zFoE9" intask="true"><mutation datatype="Number"></mutation><field name="VAR">wert</field></block></value><value name="B"><block type="math_number" id="n/m)##-;apAk9}f5{%)M" intask="true"><field name="NUM">20</field></block></value></block></value><statement name="DO3"><block type="mbedActions_display_image" id="b)c4(7w`J^20e@(5Z~0Z" intask="true"><mutation type="IMAGE"></mutation><field name="TYPE">IMAGE</field><value name="VALUE"><block type="mbedImage_image" id="F:sB/kD:VCq7`doCj0^p" intask="true"><field name="P00"></field><field name="P10"></field><field name="P20"></field><field name="P30"></field><field name="P40"></field><field name="P01"></field><field name="P11"></field><field name="P21"></field><field name="P31"></field><field name="P41"></field><field name="P02"></field><field name="P12"></field><field name="P22"></field><field name="P32"></field><field name="P42"></field><field name="P03"></field><field name="P13">#</field><field name="P23">#</field><field name="P33">#</field><field name="P43"></field><field name="P04"></field><field name="P14">#</field><field name="P24">#</field><field name="P34">#</field><field name="P44"></field></block></value></block></statement><value name="IF4"><block type="logic_compare" id="~~rpg%p56=9E!rP^v+wm" intask="true"><field name="OP">GTE</field><value name="A"><block type="variables_get" id="E}s14P1;P(NpazlT12!!" intask="true"><mutation datatype="Number"></mutation><field name="VAR">wert</field></block></value><value name="B"><block type="math_number" id="Uh;)b3/1[{,MV]l,`[*y" intask="true"><field name="NUM">10</field></block></value></block></value><statement name="DO4"><block type="mbedActions_display_image" id="9,Af5ou#|.|3R[2IJy{z" intask="true"><mutation type="IMAGE"></mutation><field name="TYPE">IMAGE</field><value name="VALUE"><block type="mbedImage_image" id="zy.)`agNo@fMjgrs?:K0" intask="true"><field name="P00"></field><field name="P10"></field><field name="P20"></field><field name="P30"></field><field name="P40"></field><field name="P01"></field><field name="P11"></field><field name="P21"></field><field name="P31"></field><field name="P41"></field><field name="P02"></field><field name="P12"></field><field name="P22"></field><field name="P32"></field><field name="P42"></field><field name="P03"></field><field name="P13"></field><field name="P23"></field><field name="P33"></field><field name="P43"></field><field name="P04"></field><field name="P14">#</field><field name="P24">#</field><field name="P34">#</field><field name="P44"></field></block></value></block></statement><value name="IF5"><block type="logic_compare" id="bXa^d::}yvb2:OlQ:T.#" intask="true"><field name="OP">GTE</field><value name="A"><block type="variables_get" id="kmsm8U.xW!3U6HwF!|cQ" intask="true"><mutation datatype="Number"></mutation><field name="VAR">wert</field></block></value><value name="B"><block type="math_number" id="KdO[2*|3CGCX1RLHR.A5" intask="true"><field name="NUM">5</field></block></value></block></value><statement name="DO5"><block type="mbedActions_display_image" id="O`h~{[%`fKKAPzeZ=;X^" intask="true"><mutation type="IMAGE"></mutation><field name="TYPE">IMAGE</field><value name="VALUE"><block type="mbedImage_image" id="B3.ou?P8C1E-pk*Cx%{G" intask="true"><field name="P00"></field><field name="P10"></field><field name="P20"></field><field name="P30"></field><field name="P40"></field><field name="P01"></field><field name="P11"></field><field name="P21"></field><field name="P31"></field><field name="P41"></field><field name="P02"></field><field name="P12"></field><field name="P22"></field><field name="P32"></field><field name="P42"></field><field name="P03"></field><field name="P13"></field><field name="P23"></field><field name="P33"></field><field name="P43"></field><field name="P04"></field><field name="P14"></field><field name="P24">#</field><field name="P34"></field><field name="P44"></field></block></value></block></statement></repetitions></block></statement></block></instance></block_set></program><config><block_set robottype="calliope" xmlversion="3.1" description="" tags="" xmlns="http://de.fhg.iais.roberta.blockly"><instance x="218" y="320"><block type="robConf_key" id="Kbp:=x@gw@n.b~NH|1|e" intask="true" deletable="false"><field name="NAME">A</field><field name="PIN1">A</field></block></instance><instance x="218" y="170"><block type="robConf_key" id="~wk*JZQvB.fj=I`N#NWp" intask="true" deletable="false"><field name="NAME">B</field><field name="PIN1">B</field></block></instance><instance x="332" y="318"><block type="robConf_accelerometer" id="#(ufvG,s^FcqI,aFn/A{" intask="true" deletable="false"><field name="NAME">_A</field></block></instance><instance x="218" y="500"><block type="robConf_buzzer" id="}%d2_68IJd*7Oy{qrMR," intask="true" deletable="false"><field name="NAME">_B</field></block></instance><instance x="332" y="289"><block type="robConf_compass" id="O%Oi0Tq`hGEvrgHGPYY=" intask="true" deletable="false"><field name="NAME">_C</field></block></instance><instance x="332" y="261"><block type="robConf_gyro" id="lIT?C5y|(7FWCQIUn~pc" intask="true" deletable="false"><field name="NAME">_G</field></block></instance><instance x="449" y="240"><block type="robConf_light" id="9Ktt(7_4+XmKC0]5Zha?" intask="true" deletable="false"><field name="NAME">_L</field></block></instance><instance x="624" y="170"><block type="robConf_analogout" id="A1" inline="false" intask="true"><field name="NAME">A1</field><field name="PIN1">5</field></block></instance><instance x="1035" y="158"><block type="robConf_analogout" id="RMusV0uOBHU#~}yu6|:T" intask="true"><field name="NAME">S</field><field name="PIN1">C16</field></block></instance><instance x="218" y="472"><block type="robConf_rgbled" id="lgi%C3,J!smR:eP0aal_" intask="true" deletable="false"><field name="NAME">_R</field></block></instance><instance x="449" y="212"><block type="robConf_sound" id="e:4V0FcDx%9,.7xO,Ns@" intask="true" deletable="false"><field name="NAME">_S</field></block></instance><instance x="332" y="428"><block type="robConf_temperature" id="0y].dnS)P)~Jjzeu3/0C" intask="true" deletable="false"><field name="NAME">_T</field></block></instance></block_set></config></export>