<export xmlns="http://de.fhg.iais.roberta.blockly"><program><block_set xmlns="http://de.fhg.iais.roberta.blockly" robottype="calliope" xmlversion="3.1" description="" tags=""><instance x="399" y="-5"><block type="robControls_start" id="c8It:le/89v+,7~bwCjV" intask="true" deletable="false"><mutation declare="false"></mutation><field name="DEBUG"></field></block><block type="robControls_loopForever" id="r%BFdtZH_Hn%Y_E~jJ(Y" intask="true"><statement name="DO"><block type="robControls_ifElse" id="w]+7~/.P2uc@*A4,}8x%" intask="true"><mutation else="1"></mutation><repetitions><value name="IF0"><block type="logic_operation" id="REVgMWNFqD|F7*gdr]k`" intask="true"><field name="OP">AND</field><value name="A"><block type="logic_compare" id="?H4T_,G/LQ8j]b:@D_mV" intask="true"><field name="OP">EQ</field><value name="A"><block type="robSensors_pin_getSample" id="S[^MoY#dPVJ}m(Vf6.W_" intask="true"><mutation mode="DIGITAL"></mutation><field name="MODE">DIGITAL</field><field name="SENSORPORT">SR</field><field name="SLOT"></field></block></value><value name="B"><block type="math_number" id="~}8Lyds0;%^}N?gJH?^X" intask="true"><field name="NUM">1</field></block></value></block></value><value name="B"><block type="logic_compare" id="|2`jI=RJvoC*#8gT=fxW" intask="true"><field name="OP">EQ</field><value name="A"><block type="robSensors_pin_getSample" id="P+S@h)c]5KU|e|,IF+P#" intask="true"><mutation mode="DIGITAL"></mutation><field name="MODE">DIGITAL</field><field name="SENSORPORT">SL</field><field name="SLOT"></field></block></value><value name="B"><block type="math_number" id="Gb~;F(oCHR)1,?{um~/(" intask="true"><field name="NUM">0</field></block></value></block></value></block></value><statement name="DO0"><block type="mbedActions_display_image" id="Kt;^VcIA_9-LNgGW]zWD" intask="true"><mutation type="IMAGE"></mutation><field name="TYPE">IMAGE</field><value name="VALUE"><block type="mbedImage_image" id="%ksH.lx]9RKYf@)ll7Fz" intask="true"><field name="P00"></field><field name="P10"></field><field name="P20">#</field><field name="P30"></field><field name="P40"></field><field name="P01"></field><field name="P11">#</field><field name="P21"></field><field name="P31"></field><field name="P41"></field><field name="P02">#</field><field name="P12">#</field><field name="P22">#</field><field name="P32">#</field><field name="P42">#</field><field name="P03"></field><field name="P13">#</field><field name="P23"></field><field name="P33"></field><field name="P43"></field><field name="P04"></field><field name="P14"></field><field name="P24">#</field><field name="P34"></field><field name="P44"></field></block></value></block></statement></repetitions></block><block type="robControls_ifElse" id="{b7moCD6{JCvGLH;yL*e" intask="true"><mutation else="1"></mutation><repetitions><value name="IF0"><block type="logic_operation" id="_4O(==|UM[k{#oPucSAr" intask="true"><field name="OP">AND</field><value name="A"><block type="logic_compare" id="d;Fh0z2Ubgl?W.U/^sz(" intask="true"><field name="OP">EQ</field><value name="A"><block type="robSensors_pin_getSample" id="?N[H0i3ng;([M~*KK0/J" intask="true"><mutation mode="DIGITAL"></mutation><field name="MODE">DIGITAL</field><field name="SENSORPORT">SL</field><field name="SLOT"></field></block></value><value name="B"><block type="math_number" id="`QU8Q-*1`,+kNU-qxtUL" intask="true"><field name="NUM">1</field></block></value></block></value><value name="B"><block type="logic_compare" id="SFGySs?x}Wge.)F!+q2Q" intask="true"><field name="OP">EQ</field><value name="A"><block type="robSensors_pin_getSample" id="!xd(3e^D3|@xEcRTQi@j" intask="true"><mutation mode="DIGITAL"></mutation><field name="MODE">DIGITAL</field><field name="SENSORPORT">SR</field><field name="SLOT"></field></block></value><value name="B"><block type="math_number" id="3%VTb`_WzKD),qiSsC8i" intask="true"><field name="NUM">0</field></block></value></block></value></block></value><statement name="DO0"><block type="mbedActions_display_image" id="IZuJ!SUD91fUV7K-eGB|" intask="true"><mutation type="IMAGE"></mutation><field name="TYPE">IMAGE</field><value name="VALUE"><block type="mbedImage_image" id="5g@z6(vD-WdI#{;*]Kk9" intask="true"><field name="P00"></field><field name="P10"></field><field name="P20">#</field><field name="P30"></field><field name="P40"></field><field name="P01"></field><field name="P11"></field><field name="P21"></field><field name="P31">#</field><field name="P41"></field><field name="P02"></field><field name="P12">#</field><field name="P22">#</field><field name="P32">#</field><field name="P42">#</field><field name="P03"></field><field name="P13"></field><field name="P23"></field><field name="P33">#</field><field name="P43"></field><field name="P04"></field><field name="P14"></field><field name="P24">#</field><field name="P34"></field><field name="P44"></field></block></value></block></statement></repetitions></block><block type="robControls_ifElse" id="c7,Uj#=*vFr:!0JDsjIo" intask="true"><mutation else="1"></mutation><repetitions><value name="IF0"><block type="logic_operation" id="@x0(XL`_3./N[J.L:PzZ" intask="true"><field name="OP">AND</field><value name="A"><block type="logic_compare" id="VedI0Iy93j[/)~!G`{Hl" intask="true"><field name="OP">EQ</field><value name="A"><block type="robSensors_pin_getSample" id="/4fPw/3s7YQuReS)tVCA" intask="true"><mutation mode="DIGITAL"></mutation><field name="MODE">DIGITAL</field><field name="SENSORPORT">SL</field><field name="SLOT"></field></block></value><value name="B"><block type="math_number" id="ug*3CU}/%!)J-2{VY%sB" intask="true"><field name="NUM">0</field></block></value></block></value><value name="B"><block type="logic_compare" id="6x2JXSR.%1EPc;6Kh(V_" intask="true"><field name="OP">EQ</field><value name="A"><block type="robSensors_pin_getSample" id="dx6S2b@YS,0de4Tb(-V;" intask="true"><mutation mode="DIGITAL"></mutation><field name="MODE">DIGITAL</field><field name="SENSORPORT">SR</field><field name="SLOT"></field></block></value><value name="B"><block type="math_number" id="]XNr2Z|W[}6Jq_fFX?*v" intask="true"><field name="NUM">0</field></block></value></block></value></block></value><statement name="DO0"><block type="mbedActions_display_image" id=";VMUxeIq6:nbaWqrEmx2" intask="true"><mutation type="IMAGE"></mutation><field name="TYPE">IMAGE</field><value name="VALUE"><block type="mbedImage_image" id="lj:c%P]pi7HWf|.wV}bN" intask="true"><field name="P00"></field><field name="P10"></field><field name="P20">#</field><field name="P30"></field><field name="P40"></field><field name="P01"></field><field name="P11">#</field><field name="P21">#</field><field name="P31">#</field><field name="P41"></field><field name="P02">#</field><field name="P12"></field><field name="P22">#</field><field name="P32"></field><field name="P42">#</field><field name="P03"></field><field name="P13"></field><field name="P23">#</field><field name="P33"></field><field name="P43"></field><field name="P04"></field><field name="P14"></field><field name="P24">#</field><field name="P34"></field><field name="P44"></field></block></value></block></statement></repetitions></block></statement></block></instance></block_set></program><config><block_set xmlns="http://de.fhg.iais.roberta.blockly" robottype="calliope" xmlversion="3.1" description="" tags=""><instance x="-283" y="121"><block type="robConf_key" id="~wk*JZQvB.fj=I`N#NWp" intask="true" deletable="false"><field name="NAME">B</field><field name="PIN1">B</field></block></instance><instance x="197" y="162"><block type="robConf_sound" id="e:4V0FcDx%9,.7xO,Ns@" intask="true" deletable="false"><field name="NAME">_S</field></block></instance><instance x="197" y="190"><block type="robConf_light" id="9Ktt(7_4+XmKC0]5Zha?" intask="true" deletable="false"><field name="NAME">_L</field></block></instance><instance x="80" y="211"><block type="robConf_gyro" id="lIT?C5y|(7FWCQIUn~pc" intask="true" deletable="false"><field name="NAME">_G</field></block></instance><instance x="704" y="184"><block type="robConf_digitalout" id="oU1SF2f|P#Dyb(+O~6VO" intask="true"><field name="NAME">SR</field><field name="PIN1">C16</field></block></instance><instance x="-449" y="260"><block type="robConf_key" id="Kbp:=x@gw@n.b~NH|1|e" intask="true" deletable="false"><field name="NAME">A</field><field name="PIN1">A</field></block></instance><instance x="80" y="239"><block type="robConf_compass" id="O%Oi0Tq`hGEvrgHGPYY=" intask="true" deletable="false"><field name="NAME">_C</field></block></instance><instance x="80" y="268"><block type="robConf_accelerometer" id="#(ufvG,s^FcqI,aFn/A{" intask="true" deletable="false"><field name="NAME">_A</field></block></instance><instance x="705" y="253"><block type="robConf_digitalout" id="+PtEbwr~pta5f;=@88OB" intask="true"><field name="NAME">SL</field><field name="PIN1">C17</field></block></instance><instance x="80" y="378"><block type="robConf_temperature" id="0y].dnS)P)~Jjzeu3/0C" intask="true" deletable="false"><field name="NAME">_T</field></block></instance><instance x="-34" y="422"><block type="robConf_rgbled" id="lgi%C3,J!smR:eP0aal_" intask="true" deletable="false"><field name="NAME">_R</field></block></instance><instance x="-34" y="450"><block type="robConf_buzzer" id="}%d2_68IJd*7Oy{qrMR," intask="true" deletable="false"><field name="NAME">_B</field></block></instance></block_set></config></export>