<block_set xmlns="http://de.fhg.iais.roberta.blockly" robottype="calliope" xmlversion="2.0" description=""><instance x="178" y="-362"><block type="robProcedures_defnoreturn" id="HfgJ|jo_;Iq?2F=0.aeZ" intask="true"><mutation declare="false"></mutation><field name="NAME">lang</field><statement name="STACK"><block type="controls_repeat_ext" id="~TsKz`rNGWjMW|uVum1[" intask="true"><value name="TIMES"><block type="math_number" id="9RycDex45j?rkJ}PK5Vd" intask="true"><field name="NUM">100</field></block></value><statement name="DO"><block type="robMath_change" id="~6}u?OXZ2rcZa;hAL]Oz" intask="true"><value name="VAR"><block type="variables_get" id="0!i7Bkl6kHFjt5:dz~^f" intask="true"><mutation datatype="Number"></mutation><field name="VAR">platzhalter</field></block></value><value name="DELTA"><block type="math_number" id="pfWaJ@=;b)71yeeu2=Sd" intask="true"><field name="NUM">1</field></block></value></block></statement></block></statement></block></instance><instance x="180" y="-232"><block type="robProcedures_defnoreturn" id="ODXKWy(PYx6CPu{/%|1J" intask="true"><mutation declare="false"></mutation><field name="NAME">kurz</field><statement name="STACK"><block type="controls_repeat_ext" id="a]WC#Glw9~cY%#H3YmP~" intask="true"><value name="TIMES"><block type="math_number" id="ZZoMx=SZDY;Osn)_!g7F" intask="true"><field name="NUM">40</field></block></value><statement name="DO"><block type="robMath_change" id="+S![ia3#MkCL!Tm[[ngo" intask="true"><value name="VAR"><block type="variables_get" id="^EW(nseSAKKS1hyrDbw8" intask="true"><mutation datatype="Number"></mutation><field name="VAR">platzhalter</field></block></value><value name="DELTA"><block type="math_number" id="l^Mw1xd^8k?9Zg`oy*[5" intask="true"><field name="NUM">1</field></block></value></block></statement></block></statement></block></instance><instance x="180" y="-99"><block type="robProcedures_defnoreturn" id=")4Rz}G}cXnJp_@Nb^ZH9" intask="true"><mutation declare="false"></mutation><field name="NAME">eins_</field><statement name="STACK"><block type="mbedActions_write_to_pin" id="@`r4jq*-PS.aLDCL[^@C" intask="true"><mutation protocol="ANALOG"></mutation><field name="VALUETYPE">DIGITAL</field><field name="PIN">1</field><value name="VALUE"><block type="math_number" id=".Ja~huvxjVY4B51-xN{_" intask="true"><field name="NUM">1</field></block></value></block><block type="robProcedures_callnoreturn" id="[gHW-f/m*nW;-8ea@aru" intask="true"><mutation name="kurz"></mutation></block><block type="mbedActions_write_to_pin" id="7T[uH@,@b5I?{5uoLE6H" intask="true"><mutation protocol="ANALOG"></mutation><field name="VALUETYPE">DIGITAL</field><field name="PIN">1</field><value name="VALUE"><block type="math_number" id="O.KqvtRjIhtBG=n1~ci0" intask="true"><field name="NUM">0</field></block></value></block><block type="robProcedures_callnoreturn" id="Ev1cXy7U`mFf~kDS}epv" intask="true"><mutation name="lang"></mutation></block><block type="mbedActions_write_to_pin" id="d9m@6(PYVtLw_z!lSIpn" intask="true"><mutation protocol="ANALOG"></mutation><field name="VALUETYPE">DIGITAL</field><field name="PIN">1</field><value name="VALUE"><block type="math_number" id="Hf4VJ+(r{1W=(d;8tJLS" intask="true"><field name="NUM">1</field></block></value></block><block type="robProcedures_callnoreturn" id="#GmXftsZ5):GTz9:8W+T" intask="true"><mutation name="kurz"></mutation></block><block type="mbedActions_write_to_pin" id="gA/:A34n;McG0?+p;@c{" intask="true"><mutation protocol="ANALOG"></mutation><field name="VALUETYPE">DIGITAL</field><field name="PIN">1</field><value name="VALUE"><block type="math_number" id="9I75B()h|8G?[if0%L3*" intask="true"><field name="NUM">0</field></block></value></block><block type="robProcedures_callnoreturn" id="%ux{r5~q.^VpkredMLVS" intask="true"><mutation name="lang"></mutation></block></statement></block></instance><instance x="568" y="-91"><block type="robProcedures_defnoreturn" id="IKUjGZx/OQONt|i}ZJQw" intask="true"><mutation declare="false"></mutation><field name="NAME">null_</field><statement name="STACK"><block type="mbedActions_write_to_pin" id="xlT5(H}rovT;E-s74aQy" intask="true"><mutation protocol="ANALOG"></mutation><field name="VALUETYPE">DIGITAL</field><field name="PIN">1</field><value name="VALUE"><block type="math_number" id="oIe_^OtY:dQsS@nbz.E(" intask="true"><field name="NUM">1</field></block></value></block><block type="robProcedures_callnoreturn" id="IZ`=2YwU%hqKiRm|g6;J" intask="true"><mutation name="kurz"></mutation></block><block type="mbedActions_write_to_pin" id="Y~)G[+cMKvUG-R|#b~e," intask="true"><mutation protocol="ANALOG"></mutation><field name="VALUETYPE">DIGITAL</field><field name="PIN">1</field><value name="VALUE"><block type="math_number" id="q4bAg2^=QNr.V;4HD`;6" intask="true"><field name="NUM">0</field></block></value></block><block type="robProcedures_callnoreturn" id="M!VGPHr)e6sweV:};fkE" intask="true"><mutation name="lang"></mutation></block><block type="mbedActions_write_to_pin" id="v(OXRJz[~^:.N0q3=O%m" intask="true"><mutation protocol="ANALOG"></mutation><field name="VALUETYPE">DIGITAL</field><field name="PIN">1</field><value name="VALUE"><block type="math_number" id="}(GIs;=X8`1q?E/:HE1b" intask="true"><field name="NUM">1</field></block></value></block><block type="robProcedures_callnoreturn" id="K+B0l9U50-BO[wjzhgX(" intask="true"><mutation name="lang"></mutation></block><block type="mbedActions_write_to_pin" id="V2STp1ObabfM~Z#-0!B}" intask="true"><mutation protocol="ANALOG"></mutation><field name="VALUETYPE">DIGITAL</field><field name="PIN">1</field><value name="VALUE"><block type="math_number" id="XK6QoPwVai9.Ji^U(tiW" intask="true"><field name="NUM">0</field></block></value></block><block type="robProcedures_callnoreturn" id="dYq6l?u(qv=J~Pv7k/}?" intask="true"><mutation name="kurz"></mutation></block></statement></block></instance><instance x="181" y="163"><block type="robProcedures_defnoreturn" id="Kty?.~L_2LX14*mzzk9:" intask="true"><mutation declare="false"></mutation><field name="NAME">hauscode</field><statement name="STACK"><block type="robProcedures_callnoreturn" id="pg;cd.CSc.:)Jpw.+t)u" intask="true"><mutation name="eins_"></mutation></block><block type="robProcedures_callnoreturn" id="G~[(hVSh{V`3,i=K;IY7" intask="true"><mutation name="null_"></mutation></block><block type="robProcedures_callnoreturn" id="]j1,gE_X:fX7Fh8U8qCw" intask="true"><mutation name="eins_"></mutation></block><block type="robProcedures_callnoreturn" id="TZ]M/{].;SMuv%G[~e]L" intask="true"><mutation name="eins_"></mutation></block><block type="robProcedures_callnoreturn" id="26Yt0T~}/m2Tz*b6kL.^" intask="true"><mutation name="eins_"></mutation></block></statement></block></instance><instance x="421" y="165"><block type="robProcedures_defnoreturn" id="e3[2-/YB+vQIWu]UiW;I" intask="true"><mutation declare="false"></mutation><field name="NAME">geraetecode</field><statement name="STACK"><block type="robProcedures_callnoreturn" id="7SX?3I?~(K{_(=*bUJLx" intask="true"><mutation name="eins_"></mutation></block><block type="robProcedures_callnoreturn" id="(aL6+m`D-JFa#n[06Dm(" intask="true"><mutation name="null_"></mutation></block><block type="robProcedures_callnoreturn" id="0(PD/rBaJK2;i2lR+`:]" intask="true"><mutation name="null_"></mutation></block><block type="robProcedures_callnoreturn" id="/d11j%n4A%IYiGnaY)Pp" intask="true"><mutation name="null_"></mutation></block><block type="robProcedures_callnoreturn" id="5+}9-,7FlI.+)2U@LZHh" intask="true"><mutation name="null_"></mutation></block></statement></block></instance><instance x="632" y="161"><block type="robProcedures_defnoreturn" id="C9ka5#!:zlThKK~.8VBN" intask="true"><mutation declare="false"></mutation><field name="NAME">anschalten</field><statement name="STACK"><block type="robProcedures_callnoreturn" id="c`(!t}FNewc~O{TyYLc+" intask="true"><mutation name="eins_"></mutation></block><block type="robProcedures_callnoreturn" id="P;dWE/]HLF}5r7fIF]sp" intask="true"><mutation name="null_"></mutation></block></statement></block></instance><instance x="794" y="157"><block type="robProcedures_defnoreturn" id="RA{1u(k!*0_FF0ov?M{i" intask="true"><mutation declare="false"></mutation><field name="NAME">ausschalten</field><statement name="STACK"><block type="robProcedures_callnoreturn" id="%:LUH!p4]TK9#TD^v?sr" intask="true"><mutation name="null_"></mutation></block><block type="robProcedures_callnoreturn" id="9UqemIt,tf^pgb(fyUl(" intask="true"><mutation name="eins_"></mutation></block></statement></block></instance><instance x="965" y="158"><block type="robProcedures_defnoreturn" id="?X@;[/KQlf038*G?lsK2" intask="true"><mutation declare="false"></mutation><field name="NAME">sync</field><statement name="STACK"><block type="mbedActions_write_to_pin" id="mAL`#`Z0#*c7Id`FyDx4" intask="true"><mutation protocol="ANALOG"></mutation><field name="VALUETYPE">DIGITAL</field><field name="PIN">1</field><value name="VALUE"><block type="math_number" id="j/:_3zyL:;~+yi;lzaQ^" intask="true"><field name="NUM">1</field></block></value></block><block type="robProcedures_callnoreturn" id="u~S%)ElHfWV1qXUlcp9:" intask="true"><mutation name="kurz"></mutation></block><block type="mbedActions_write_to_pin" id="0n(8(/a8/]EsxIbUBvfY" intask="true"><mutation protocol="ANALOG"></mutation><field name="VALUETYPE">DIGITAL</field><field name="PIN">1</field><value name="VALUE"><block type="math_number" id="6OPkq(g#%d2QKd0bo62c" intask="true"><field name="NUM">0</field></block></value></block><block type="robProcedures_callnoreturn" id="Cm%q1Odqh(GG%(LB?Mpp" intask="true"><mutation name="lang"></mutation></block><block type="robControls_wait_time" id="d8lFYpU6%54]7^K.WVsL" intask="true"><value name="WAIT"><block type="math_number" id="ZrbM2EX28J@q1h9.}_]?" intask="true"><field name="NUM">10</field></block></value></block></statement></block></instance><instance x="182" y="345"><block type="robControls_start" id="_rDhN8z^O/M_R.P-x5#U" intask="true" deletable="false"><mutation declare="true"></mutation><field name="DEBUG">TRUE</field><statement name="ST"><block type="robGlobalVariables_declare" id="~9Lu3w7yz|4)NqUPNn@L" intask="true" deletable="false" movable="false"><mutation next="false" declaration_type="Number"></mutation><field name="VAR">platzhalter</field><field name="TYPE">Number</field><value name="VALUE"><block type="math_number" id="9f6E()_J,RM7;65Wv^v4" intask="true"><field name="NUM">0</field></block></value></block></statement></block><block type="robControls_loopForever" id="JnbjgW8f;iV0]!#:w}cY" intask="true"><statement name="DO"><block type="robControls_if" id="7T33UHb%d#GqB8N|`#HF" intask="true"><value name="IF0"><block type="mbedSensors_key_isPressed" id="([UXbplr*{F;06o,DAqG" intask="true"><field name="KEY">button_a</field></block></value><statement name="DO0"><block type="robProcedures_callnoreturn" id="hqXI%Vse/ziS%3P5qg{0" intask="true"><mutation name="hauscode"></mutation></block><block type="robProcedures_callnoreturn" id="5yQI|+q;d*~)4ScX6[D8" intask="true"><mutation name="geraetecode"></mutation></block><block type="robProcedures_callnoreturn" id="@)rLC^rL;G-Gj_m|n7[P" intask="true"><mutation name="anschalten"></mutation></block><block type="robProcedures_callnoreturn" id="7aCV?J2ocMY#(WVD:YNs" intask="true"><mutation name="sync"></mutation></block><block type="variables_set" id="^32d=zmfjSVM,zq!W}c%" intask="true"><mutation datatype="Number"></mutation><field name="VAR">platzhalter</field><value name="VALUE"><block type="math_number" id="|R,jO)z}34O1K:=9r}II" intask="true"><field name="NUM">0</field></block></value></block></statement></block><block type="robControls_if" id="l}s%KdIHS?,pi;=xjKe-" intask="true"><value name="IF0"><block type="mbedSensors_key_isPressed" id="5+rVnON*PFbHIs9UV8vW" intask="true"><field name="KEY">button_b</field></block></value><statement name="DO0"><block type="robProcedures_callnoreturn" id="jV68D4).O2xvUY)NXLN7" intask="true"><mutation name="hauscode"></mutation></block><block type="robProcedures_callnoreturn" id="?MEtRGN9U*|0]!d`V##3" intask="true"><mutation name="geraetecode"></mutation></block><block type="robProcedures_callnoreturn" id="dlm}k!Himoe{gJ/VjA3Z" intask="true"><mutation name="ausschalten"></mutation></block><block type="robProcedures_callnoreturn" id="VD0Y6#}Yv5*:L|@KyRR~" intask="true"><mutation name="sync"></mutation></block><block type="variables_set" id="dMIt_KSg2EXV?=._DS?2" intask="true"><mutation datatype="Number"></mutation><field name="VAR">platzhalter</field><value name="VALUE"><block type="math_number" id="Y]LT:9dP9T~!=:vrdv:B" intask="true"><field name="NUM">0</field></block></value></block></statement></block></statement></block></instance></block_set>